hold_gross,part_gross,hold_net,part_net,hold_moic,part_moic,hold_irr,part_irr,hold_mdd,part_mdd
126998026.0279565,133125088.81126565,126998026.0279565,133125088.81126565,0.5474052846032608,0.5738150379795933,-0.0675172228995044,-0.061768708784051926,-0.7537936938535603,-0.717974034965419
85194206.90268731,105330302.11090073,85194206.90268731,105330302.11090073,0.3672164090633074,0.45400992289181347,-0.12079269843912863,-0.09137489273299812,-0.6849599976524818,-0.5140732452625806
154460530.9505611,155251156.8380792,154460530.9505611,155251156.8380792,0.6657781506489703,0.6691860208537898,-0.04423062239326514,-0.043643242257857165,-0.7274695444498644,-0.7280843887811905
287339931.26075625,321795172.2374311,276779099.5716699,313356404.37915206,1.2385341864687769,1.3870481561958237,0.017862883280276506,0.030052383273021774,-0.7048797464955143,-0.6608394156805673
43619984.76860233,48058501.065301076,43619984.76860233,48058501.065301076,0.18801717572673415,0.2071487114883667,-0.23794769274183075,-0.21805611117991164,-0.9019841556000778,-0.8747166896500619
60285947.5040144,60176651.99186641,60285947.5040144,60176651.99186641,0.25985322200006206,0.2593821206545966,-0.17580098154132578,-0.1761175475620213,-0.8831104067474526,-0.8640679418484045
236354499.01505202,239917444.64261088,236354499.01505202,239917444.64261088,1.0187693923062586,1.0341269165629778,0.001914517608179585,0.0034491513062139623,-0.7639616330386135,-0.7639616330386135
90195001.6720772,90219211.65830335,90195001.6720772,90219211.65830335,0.3887715589313672,0.3888759123202731,-0.11260540610311315,-0.11256739535082487,-0.6487195828434267,-0.6372926276693768
109062976.0282648,109661435.77959618,109062976.0282648,109661435.77959618,0.4700990346045897,0.4726786024982594,-0.08679908719331483,-0.08608594499821473,-0.5605700369514892,-0.5584011947036444
92189473.6864965,98214681.78366007,92189473.6864965,98214681.78366007,0.3973684210624849,0.4233391456192244,-0.10952296718107044,-0.10076962229037556,-0.4504384641513127,-0.4021027307952817
67028516.083497725,68822145.6163662,67028516.083497725,68822145.6163662,0.2889160176012833,0.29664717938088875,-0.15785265480909105,-0.1535422127366193,-0.8480466871968606,-0.8444408462687064
184790309.23263422,184933949.75211087,184790309.23263422,184933949.75211087,0.7965099535889406,0.7971290937590986,-0.024134941287309003,-0.024050078932728827,-0.5725527811826714,-0.5770641831210298
76660496.69793126,77374503.2777254,76660496.69793126,77374503.2777254,0.3304331754221175,0.3335107899901957,-0.13654763351628538,-0.13513054315276588,-0.6585898730613864,-0.6451954616465085
44101964.92066857,46041578.26247808,44101964.92066857,46041578.26247808,0.19009467638219213,0.19845507871757795,-0.23563233811732448,-0.22671213832149623,-0.9181857254650394,-0.9115944003351466
658606368.2649504,658916081.4040177,567722205.5307833,568591735.0986676,2.8388205528661654,2.8401555232931797,0.0852338303913196,0.0853706329037742,-0.6517251431966219,-0.6235311978095843
107693876.51938513,107693876.51938513,107693876.51938513,107693876.51938513,0.46419774361803934,0.46419774361803934,-0.08845144172899391,-0.08845144172899391,-0.5206778943523491,-0.5206778943523491
68826589.7560446,71071544.03129692,68826589.7560446,71071544.03129692,0.2966663351553646,0.30634286220386603,-0.15353174757900787,-0.1483741433982432,-0.6040689564730812,-0.5654485225054952
84496747.05391446,84659675.54738376,84496747.05391446,84659675.54738376,0.3642101166117003,0.36491239460079206,-0.12199087337519918,-0.12170967127129617,-0.7383661336808915,-0.7258227340385082
294576940.51004505,303133303.2294359,281868663.26656514,303133303.2294359,1.2697281918536425,1.3066090656441203,0.019670391835011805,0.026822538378380965,-0.7851545421933706,-0.776890935090297
61551458.040184334,62353675.5657298,61551458.040184334,62353675.5657298,0.265308008793898,0.26876584295573186,-0.17219984859378468,-0.16997644684504157,-0.7135191202448972,-0.71726488236624
282586363.257114,282694972.27443445,274816131.3614525,275133048.6521844,1.2180446692116982,1.2185128115277346,0.017155094438861027,0.017269774857309725,-0.5863145499442337,-0.5861634398295472
115093418.0942484,115488846.20806243,115093418.0942484,115488846.20806243,0.49609231937176035,0.4977967508968208,-0.07985288673947116,-0.07941520026847823,-0.6633526309166645,-0.6414629850887643
82747315.96378323,94303869.840771,82747315.96378323,94303869.840771,0.35666946536113464,0.4064821975895302,-0.12506171559637785,-0.10635929206659481,-0.8264427917505494,-0.7656642366487718
85801459.54038101,95900265.47203338,85801459.54038101,95900265.47203338,0.3698338773292285,0.4133632132415232,-0.11976122478707113,-0.10403792156478509,-0.8139910690362709,-0.8055989924271852
2390619430.124972,2060974930.620476,1916631732.125465,1695972756.1679766,10.304394095366257,8.88351263198481,0.18934662356569731,0.17915269295600092,-0.6762272588274623,-0.6343045666773925
103343037.35330099,105311017.13603918,103343037.35330099,105311017.13603918,0.4454441265228491,0.4539267980001689,-0.09390568790847198,-0.09139912645712489,-0.8664929421820828,-0.8627934733572009
101196016.49046308,105771974.7679936,101196016.49046308,105771974.7679936,0.43618972625199603,0.4559136843448,-0.09671883443293341,-0.09082159453315469,-0.9132377889843374,-0.9040253801697375
113649548.58170173,113655003.36492346,113649548.58170173,113655003.36492346,0.48986874388664536,0.4898922558832908,-0.08146900287733069,-0.08146284361152903,-0.6886595644307939,-0.6886517562618012
172005296.5411496,172315125.4384675,172005296.5411496,172315125.4384675,0.7414021402635758,0.7427376096485668,-0.03204506960331924,-0.031844538019708005,-0.5959612549611311,-0.5950267650414958
264385993.21840745,270050784.1571776,259629364.48253262,267392078.76055235,1.1395947983552046,1.1640120006774897,0.01146540576960521,0.014422288583173994,-0.7337161893734603,-0.7171862059387506
348117589.1433609,341128641.42401755,323930047.8835661,323465231.1287513,1.500506849755866,1.470382075103524,0.033264936526560235,0.03312631602262002,-0.8017031888814989,-0.8086275678574597
64136843.213041015,68048303.86753264,64136843.213041015,68048303.86753264,0.27645191040103884,0.29331165460143377,-0.16519034341005145,-0.15538045603986778,-0.7613442327723311,-0.7323440614202985
87799897.85966112,87964733.46030776,87799897.85966112,87964733.46030776,0.3784478356019876,0.3791583338806369,-0.11644122454324402,-0.11617234400300269,-0.3705992092584698,-0.36976168981084845
497058505.30172014,509228581.76582205,439950395.46078587,459152847.223348,2.142493557335001,2.194950783473371,0.06210701435611539,0.06603206663375674,-0.7457855867123058,-0.7254519805617048
93712952.39914933,95472853.02303955,93712952.39914933,95472853.02303955,0.40393513965150574,0.41152091820275666,-0.1072330256807682,-0.10465393649971058,-0.6224611896406754,-0.6159918775985155
125640855.10132325,126067755.2198904,125640855.10132325,126067755.2198904,0.5415554099194968,0.5433954966374587,-0.06884178137735805,-0.06842304092813811,-0.6095133185567162,-0.6080405919152154
281238912.88190216,281253732.7979856,273677578.5645642,273762329.70785683,1.2122366934564748,1.2123005724051104,0.016741783368511044,0.016772620226501896,-0.593287111457554,-0.5932755699349992
149634513.27521402,154093484.7360592,149634513.27521402,154093484.7360592,0.6449763503241983,0.6641960548968069,-0.047903939201544704,-0.044504657253209276,-0.7698675979155283,-0.76731789002065
113563927.27834494,128760529.76466513,113563927.27834494,128760529.76466513,0.48949968654459025,0.5550022834683842,-0.08156573617455412,-0.06582560848292363,-0.7689433292783618,-0.6665588408615103
115255593.36293882,117135487.29914801,115255593.36293882,117135487.29914801,0.4967913507023225,0.5048943418066725,-0.07967312770809357,-0.07761472265578093,-0.6577099938088142,-0.6585617265356016
79860535.23963018,85314639.58587642,79860535.23963018,85314639.58587642,0.34422644499840593,0.3677355154563639,-0.13034583975896047,-0.12058727177119506,-0.49352882711664425,-0.48477477093618726
90743598.09726538,90743598.09726538,90743598.09726538,90743598.09726538,0.3911361986951094,0.3911361986951094,-0.11174772092996377,-0.11174772092996377,-0.4809056535819364,-0.4809056535819364
71746761.256948,74233884.21667041,71746761.256948,74233884.21667041,0.3092532812799483,0.31997363886495866,-0.14687134876514804,-0.14151647915158821,-0.8960924712990413,-0.8898788515541565
81929661.4770797,81929661.4770797,81929661.4770797,81929661.4770797,0.3531450925736194,0.3531450925736194,-0.12653021752721338,-0.12653021752721338,-0.5012611313119666,-0.5012611313119666
46791214.99765921,48190908.69395408,46791214.99765921,48190908.69395408,0.20168627154163452,0.20771943402566415,-0.22342490729272318,-0.21750828916922882,-0.8105801773868204,-0.7901786679425297
124274151.466961,129245608.85658778,124274151.466961,129245608.85658778,0.5356644459782801,0.5570931416232232,-0.07019555801803723,-0.06536556334481186,-0.5209626184369393,-0.5003668023809913
99492147.78713064,103625151.78020042,99492147.78713064,103625151.78020042,0.428845464599701,0.4466601369836225,-0.09901264379063068,-0.09354222489849492,-0.7488452400104942,-0.7158985226100019
172729037.30216214,173804600.0601914,172729037.30216214,173804600.0601914,0.7445217125093195,0.7491577588801354,-0.03157736465988975,-0.03088694631187843,-0.8808267505013173,-0.8600593440491414
147674047.5164192,147675726.0969916,147674047.5164192,147675726.0969916,0.6365260668811172,0.6365333021422052,-0.049441138753018796,-0.04943981103430807,-0.5947202211497115,-0.5947168578285902
165348942.99994618,166954188.28588948,165348942.99994618,166954188.28588948,0.7127109612066646,0.7196301219219374,-0.03646947074638475,-0.03538163019381328,-0.6063444165397935,-0.5856144358007876
126571558.61514515,126614848.74592763,126571558.61514515,126614848.74592763,0.5455670629963153,0.5457536583876191,-0.06793135206933018,-0.06788922759092006,-0.6831247129910746,-0.6827166110490721
186505066.59472248,186532816.79023367,186505066.59472248,186532816.79023367,0.8039011491151831,0.8040207620268692,-0.023127312815456068,-0.023111103242080648,-0.584873271194212,-0.5867392984411146
358804143.0841026,360194653.7364631,334662358.86111945,335953976.502382,1.5465695822590628,1.5525631626571688,0.03640228885191721,0.03677191722343387,-0.49244915358305663,-0.48666606785099076
227745166.7551759,228723742.56475663,227745166.7551759,228723742.56475663,0.9816602015309306,0.9858782007101579,-0.0019138205721647406,-0.00146978407787378,-0.6568887124726229,-0.6538686653943766
241280695.4851592,241879302.96623483,241280695.4851592,241879302.96623483,1.0400029977808585,1.0425832024406674,0.004028976848059633,0.004282317107889533,-0.6603480012619074,-0.6403518508353071
92822921.14500836,93523340.91354498,92822921.14500836,93523340.91354498,0.40009879803882914,0.4031178487652801,-0.10856420861304583,-0.10751507916630751,-0.5429585431315002,-0.5395167997241257
90935394.63328478,93715427.54267636,90935394.63328478,93715427.54267636,0.39196290790208954,0.403945808373605,-0.11144964497878015,-0.10722934928997013,-0.6159489485249932,-0.5719671058174836
82764717.57712673,85777251.18998717,82764717.57712673,85777251.18998717,0.3567444723152014,0.369729530991324,-0.12503069684867654,-0.11980213861877576,-0.594666468711752,-0.5831979067193478
116913631.65107468,138365545.25948387,116913631.65107468,138365545.25948387,0.5039380674615288,0.5964032123253615,-0.07785525213061115,-0.0571288530877449,-0.5593883970395714,-0.5032797564955815
50140841.50569496,50748574.529176116,50140841.50569496,50748574.529176116,0.21612431683489208,0.2187438557292074,-0.20971086058251828,-0.20737917389265573,-0.8127410357150301,-0.8068867938083724
139499916.47143945,151679351.77007166,139499916.47143945,151679351.77007166,0.601292743411377,0.6537903093537571,-0.05615553046306221,-0.04632870501612271,-0.691061404949251,-0.6783742173340579
258799653.71422514,259945103.72121817,256541585.46699125,257606450.57499796,1.115515748768212,1.120453033281113,0.010259428355476833,0.010677301020034793,-0.5193174545201928,-0.5124834588561709
270396590.0904199,265604425.0656321,265611881.03367665,265014658.63607666,1.1655025434931892,1.1448466597656557,0.013753420294855462,0.013527817569902376,-0.4487734693272166,-0.44661904739303737
70551783.85365602,74314177.73534967,70551783.85365602,74314177.73534967,0.3041025166105863,0.3203197316178865,-0.14954587521879653,-0.1413481511652044,-0.7956945251505608,-0.7706684792768057
127803625.24838707,128281949.67689899,127803625.24838707,128281949.67689899,0.5508776950361511,0.5529394382624956,-0.06674008241141882,-0.06628180667076441,-0.7064461837166943,-0.69746082594738
104418562.48770046,105598494.69073896,104418562.48770046,105598494.69073896,0.4500800107228468,0.4551659253911162,-0.09252751812605589,-0.0910385283719598,-0.7888012798709994,-0.7871209253629129
71914987.4675511,73415407.21986555,71914987.4675511,73415407.21986555,0.3099783942566858,0.31644572077528255,-0.1465002890919882,-0.14324823494677297,-0.685366500582972,-0.6562254893720374
656643907.7408831,580969344.8747194,564933155.0427674,517780195.08066535,2.83036167129691,2.5041782106668937,0.08479346344082161,0.07696114011983538,-0.6845994416389526,-0.6765575781091164
197136874.6263959,203086707.03473267,197136874.6263959,203086707.03473267,0.8497279078723962,0.8753737372186753,-0.01713165976242969,-0.01395165571374547,-0.4709932927808673,-0.4483679208369029
60001605.62202501,86796175.2456573,60001605.62202501,86796175.2456573,0.258627610439763,0.3741214450243849,-0.17662643884812912,-0.11809465126528426,-0.6301336924138186,-0.5006255802299266
68372010.67828049,68499571.74338585,68372010.67828049,68499571.74338585,0.2947069425787952,0.2952567747559735,-0.15460760768194323,-0.15430459968885937,-0.8685006711095289,-0.8681389149380996
100496747.4820168,100496747.4820168,100496747.4820168,100496747.4820168,0.43317563569834827,0.43317563569834827,-0.09765348932788082,-0.09765348932788082,-0.6252371999487701,-0.6252371999487701
71330229.85614169,71352663.42870183,71330229.85614169,71352663.42870183,0.3074578873109555,0.3075545837444045,-0.1477958357178651,-0.14774583496788973,-0.5878448767304085,-0.59348998526362
129543333.98081145,130429825.1940468,129543333.98081145,130429825.1940468,0.5583764395724631,0.5621975223881327,-0.06508436422141897,-0.06425225263260367,-0.5557661115491132,-0.5492260761043313
116981902.77178814,120101534.78257,116981902.77178814,120101534.78257,0.5042323395335695,0.5176790292352156,-0.07778116720773895,-0.07445839239803495,-0.7069128644267317,-0.7002934193481126
56994287.10615091,57113428.94138116,56994287.10615091,57113428.94138116,0.2456650306299608,0.24617857302319465,-0.1857501195167847,-0.18537430864737497,-0.7883125154430178,-0.7885794862953445
84811742.19662705,84811742.19662705,84811742.19662705,84811742.19662705,0.36556785429580624,0.36556785429580624,-0.12144793664220438,-0.12144793664220438,-0.7726551630903742,-0.7726551630903742
131166361.19562945,132319785.47665429,131166361.19562945,132319785.47665429,0.5653722465328855,0.5703439029166133,-0.06356671435658126,-0.06250357093775846,-0.5253206300823228,-0.5120130626577253
127914701.59763594,128047509.97813666,127914701.59763594,128047509.97813666,0.5513564724036032,0.5519289223195546,-0.0666334537200996,-0.06650612862583283,-0.7616096516426104,-0.7490723157001689
200744330.55926985,200757712.85468927,200744330.55926985,200757712.85468927,0.8652772868934046,0.8653349692012469,-0.015189432947860734,-0.015182309931173345,-0.6402427556239995,-0.6402251217094266
73698216.98192698,121720340.56763074,73698216.98192698,121720340.56763074,0.3176647283703749,0.5246566403777188,-0.1426465606513046,-0.07278075146577237,-0.7655834710128433,-0.5531999030896373
67169181.1229434,70045288.05485265,67169181.1229434,70045288.05485265,0.2895223324264802,0.30191934506402,-0.15750821483483343,-0.15070047177089219,-0.8918174081442427,-0.8781747592973969
113414906.35458548,113414906.35458548,113414906.35458548,113414906.35458548,0.48885735497666155,0.48885735497666155,-0.08173433991986939,-0.08173433991986939,-0.5963514285144902,-0.5963514285144902
63456057.08109993,80892271.99247241,63456057.08109993,80892271.99247241,0.27351748741853416,0.34867358617445005,-0.16699288751580993,-0.1284250489359339,-0.8671983518900668,-0.8046218496425854
234872853.14242288,238417120.18964446,234872853.14242288,238417120.18964446,1.0123829876828572,1.027660000817433,0.0012679808883880096,0.002806351987084444,-0.6534836207436104,-0.6255321349626419
87538979.44533482,89299578.28462756,87538979.44533482,89299578.28462756,0.37732318726437425,0.38491197536477395,-0.11686835384022787,-0.1140218160563852,-0.6551834061441155,-0.616468435915202
52945300.11533789,56976027.47487374,52945300.11533789,56976027.47487374,0.2282125004971461,0.2455863253227316,-0.1993099804812174,-0.18580782581885108,-0.8925797505089528,-0.88196664149053
132598586.4223292,132679855.71525669,132598586.4223292,132679855.71525669,0.5715456311307293,0.5718959298071409,-0.062248474053008526,-0.062174250959190575,-0.8160580233650855,-0.8048252870763679
88721879.01339908,88847532.81746493,88721879.01339908,88847532.81746493,0.382421892299134,0.38296350352355574,-0.11494671142086973,-0.11474479101910656,-0.7123787268919489,-0.7067509703607497
157865781.61210465,158115277.50744197,157865781.61210465,158115277.50744197,0.680455955224589,0.6815313685665602,-0.041728378381511014,-0.04154783008556824,-0.5341478820114873,-0.533276593872666
99404736.22019629,106892674.12101467,99404736.22019629,106892674.12101467,0.4284686906042944,0.4607442850043736,-0.09913183402941464,-0.08943219720949802,-0.8440293557615111,-0.8147492488963363
72109175.78112045,73995184.25542535,72109175.78112045,73995184.25542535,0.31081541284965714,0.318944759721661,-0.14607360552421686,-0.1420185252743218,-0.8488958459765706,-0.8401836881569357
250730502.2349592,301016478.5640421,247693907.7222829,301016478.5640421,1.0807349234265482,1.2974848213967332,0.006704049244077732,0.026137662993323277,-0.715829591565893,-0.6876184429574954
36296368.43537614,39011791.48662444,36296368.43537614,39011791.48662444,0.1564498639455868,0.1681542736492433,-0.27907550508333967,-0.2623784376515653,-0.8221898443796929,-0.808141519213886
208777459.7248393,208778822.11976188,208777459.7248393,208778822.11976188,0.8999028436415487,0.8999087160334563,-0.011017603230276042,-0.011016912818804087,-0.5082275656079147,-0.5082221263815185
84322451.36028752,92575935.55077553,84322451.36028752,92575935.55077553,0.3634588420702048,0.39903420496023934,-0.12229258338994395,-0.1089369017620383,-0.7444748341808465,-0.7438430299338238
56540080.13674393,59815643.53151707,56540080.13674393,59815643.53151707,0.24370724196872384,0.257826049704815,-0.187194294455665,-0.17716962188654625,-0.5736036470260601,-0.5481159258132522
104044381.83377242,104072876.55446884,104044381.83377242,104072876.55446884,0.4484671630766053,0.44858998514857257,-0.09300469615952944,-0.0929682723644921,-0.4654512877857231,-0.4666956694424712
428051674.24212533,408168649.70405364,387430394.2101131,375765131.99176073,1.8450503200091608,1.759347628034714,0.05029141978981963,0.04741748002693651,-0.8305391261566664,-0.8114619124111434
91956279.53206165,94582038.57443625,91956279.53206165,94582038.57443625,0.39636327384509334,0.40768120075188036,-0.1098783339994153,-0.1059507284253062,-0.6848895544410425,-0.6109648848003821
83608376.9039906,83641775.34948033,83608376.9039906,83641775.34948033,0.36038093493099393,0.36052489374776003,-0.12353836545544772,-0.12347974730550998,-0.6594994414544166,-0.6593932652201557
327327937.03989345,356260288.002036,307892183.64753664,335499278.9588691,1.4108962803443683,1.5356046896639481,0.02834178550071252,0.036641983854778834,-0.799571667487956,-0.7679685703798499
137822882.32841396,138847957.5522799,137822882.32841396,138847957.5522799,0.5940641479673016,0.5984825756563789,-0.057598267044739804,-0.056713626732619093,-0.46611164905083613,-0.4619012857200292
497239386.9485195,493240834.72828996,440610826.9003284,445932914.44894975,2.1432732196056876,2.1260380807253876,0.06224520252964923,0.06335030543512568,-0.6836159194257484,-0.6230447102044995
151591052.37578574,159471264.68229645,151591052.37578574,159471264.68229645,0.6534097085163179,0.6873761408719675,-0.046396145774461967,-0.04057304462444307,-0.830451309161204,-0.8105961108538632
116905040.78805543,116905040.78805543,116905040.78805543,116905040.78805543,0.5039010378795493,0.5039010378795493,-0.07786457881903924,-0.07786457881903924,-0.7232514275084941,-0.7232514275084941
130796931.38994518,131115805.58452016,130796931.38994518,131115805.58452016,0.5637798766807982,0.5651543344160351,-0.06390991032575055,-0.06361360247124487,-0.48014124152142457,-0.47919017003194897
266213090.62108716,270271504.45364255,261371410.44112748,266631577.21965563,1.1474702181943413,1.1649633812657005,0.012138164539307564,0.014137205472308265,-0.6192613835605496,-0.5923585795264501
138987092.51679426,138987092.51679426,138987092.51679426,138987092.51679426,0.5990822953310098,0.5990822953310098,-0.05659422857841989,-0.05659422857841989,-0.5632213917184155,-0.5632213917184155
145479564.13606355,145537351.01168874,145479564.13606355,145537351.01168874,0.6270670867933773,0.6273161681538307,-0.0511942508467369,-0.05114763716116354,-0.7185262043080317,-0.712211301442859
99103430.47906853,104060012.12935048,99103430.47906853,104060012.12935048,0.4271699589615023,0.44853453504030383,-0.09954383331829542,-0.09298471475241055,-0.5572340339741901,-0.5230947890393449
161117485.38057697,165328523.57861564,161117485.38057697,165328523.57861564,0.6944719197438662,0.7126229464595502,-0.03940407702137698,-0.03648339675899297,-0.5423665906799747,-0.5112397755081135
80016494.44868374,80298181.73595291,80016494.44868374,80298181.73595291,0.3448986829684644,0.3461128523101419,-0.13005311842989437,-0.12952657112853408,-0.7964275257446927,-0.7897598355137454
165523393.73914558,165981727.07981038,165523393.73914558,165981727.07981038,0.7134629040480412,0.7154384787922862,-0.0363505865976385,-0.036039016639413626,-0.41858654487084546,-0.41427109443218557
45457708.99574812,59199045.01780915,45457708.99574812,59199045.01780915,0.1959384008437419,0.2551682974905567,-0.2293327475278693,-0.17898980047482327,-0.8511788854334738,-0.810920810209065
130676314.84894015,142134130.68427315,130676314.84894015,142134130.68427315,0.5632599777971559,0.6126471150184187,-0.06402224649077906,-0.05393562265496492,-0.7832662225962717,-0.7613762670945532
156453380.9890785,159075174.279894,156453380.9890785,159075174.279894,0.6743680215046487,0.6856688546547155,-0.04275756154607693,-0.04085665997294609,-0.648160282531798,-0.6090177123012708
87505893.93562259,89041398.36117204,87505893.93562259,89041398.36117204,0.37718057730871807,0.38379913086712086,-0.11692264910842456,-0.11443407602789407,-0.6678992686053857,-0.6612099941564458
156144368.82976446,156943914.06070548,156144368.82976446,156943914.06070548,0.6730360725420882,0.676482388192696,-0.04298435641238996,-0.0423987460632647,-0.8272683912358503,-0.8258708416936543
104326419.49124749,115569495.5001506,104326419.49124749,115569495.5001506,0.44968284263468744,0.4981443771558216,-0.0926447991829884,-0.07932618790762677,-0.7831511937982297,-0.6750726090623206
60960108.242267326,70962256.74662516,60960108.242267326,70962256.74662516,0.26275908725115227,0.30587179632166017,-0.17386802449525804,-0.1486194283539892,-0.8339504906015338,-0.7970220601669511
61143513.34784898,61254231.705938704,61143513.34784898,61254231.705938704,0.26354962649934904,0.26402686080145993,-0.1733479462158408,-0.1730351643257539,-0.7735262174721061,-0.7592189035075205
185888768.08837587,196528602.99921498,185888768.08837587,196528602.99921498,0.8012446900361029,0.8471060474104094,-0.023488100708462786,-0.01746355846351902,-0.661328560138694,-0.6130783621740878
80754141.47939186,80773878.82974999,80754141.47939186,80773878.82974999,0.34807819603186146,0.3481632708178879,-0.1286800821152903,-0.1286436008162801,-0.5480340262621615,-0.5479739876302299
89632970.31532599,91614005.82125711,89632970.31532599,91614005.82125711,0.3863490099798534,0.3948879561261083,-0.11349202985476461,-0.11040230864250083,-0.6679807713338707,-0.6448849344495369
78968522.24240728,78968522.24240728,78968522.24240728,78968522.24240728,0.34038156138968656,0.34038156138968656,-0.13203664867639783,-0.13203664867639783,-0.5099816376537474,-0.5099816376537474
83010199.9822641,83272079.4049705,83010199.9822641,83272079.4049705,0.35780258613044874,0.35893137674556247,-0.1245941482232496,-0.12413054700084011,-0.6434843630157663,-0.648628918334202
85908478.57751398,85984041.22029574,85908478.57751398,85984041.22029574,0.37029516628238784,0.37062086732886096,-0.11958055870652953,-0.11945319597075241,-0.7229960123568193,-0.6893108537163881
141049254.6029523,150026196.5229731,141049254.6029523,150026196.5229731,0.6079709250127254,0.6466646401852288,-0.05484315285982591,-0.04760001320731193,-0.8987732771377526,-0.8636703748274684
81582163.07502356,82668017.50637442,81582163.07502356,82668017.50637442,0.35164725463372226,0.35632766166540697,-0.12716093879595516,-0.12520318951475626,-0.5904734003359253,-0.5824219176668288
195817195.8867646,196441246.32968622,195817195.8867646,196441246.32968622,0.8440396374429509,0.846729510041751,-0.017853379530437023,-0.017511330303979104,-0.3982331627684452,-0.3957167247705453
90645234.1449928,91988328.8087062,90645234.1449928,91988328.8087062,0.39071221614221036,0.39650141727890603,-0.11190094749200952,-0.10982941616900144,-0.8773361131261452,-0.8921993868301648
77524808.67833842,79348945.27673839,77524808.67833842,79348945.27673839,0.3341586580962863,0.3420213158480103,-0.1348347360697179,-0.13131207945620954,-0.9321624508223878,-0.926705032842827
118738296.9097479,118763190.45888127,118738296.9097479,118763190.45888127,0.5118030039213272,0.5119103037020745,-0.0758955483365584,-0.07586910100002911,-0.6249088223654522,-0.6188631881049134
164511791.39474732,166777737.9938168,164511791.39474732,166777737.9938168,0.7091025491152901,0.7188695603181758,-0.03704224582719158,-0.0355005416997425,-0.6618646199594668,-0.6326028861176591
85472075.40121895,92675061.4689144,85472075.40121895,92675061.4689144,0.3684141181087024,0.399461471848769,-0.12031937195879339,-0.10878715075762777,-0.5503343654841362,-0.5086423877809969
93815820.48080602,95900783.97509237,93815820.48080602,95900783.97509237,0.4043785365551984,0.41336544816850157,-0.10708035168220789,-0.10403717667041107,-0.649193108972751,-0.6408702891757081
117522741.02903137,119854943.13266742,117522741.02903137,119854943.13266742,0.5065635389182387,0.5166161341925319,-0.07719638244759158,-0.07471668201165535,-0.46045024052832406,-0.4508077677793768
81057853.75721696,81708244.66669711,81057853.75721696,81708244.66669711,0.34938730067765933,0.3521907097702462,-0.12812018637921074,-0.12693163509545694,-0.5877705836401559,-0.5712712027954638
42594018.316494875,43185013.57509144,42594018.316494875,43185013.57509144,0.18359490653661584,0.1861422998926355,-0.24301643966518832,-0.24007292676931702,-0.8788178596893065,-0.8825174764475291
61725612.4519847,61778203.3745403,61725612.4519847,61778203.3745403,0.26605867436200303,0.2662853593730185,-0.1717133341053109,-0.17156683853273624,-0.8507752301088245,-0.8549781370108241
55496782.16457263,62869257.8617387,55496782.16457263,62869257.8617387,0.23921026795074407,0.27098818043852885,-0.19058208925568915,-0.16857089476958032,-0.8234465598868553,-0.7985023286670587
92523079.42067218,92525088.47630742,92523079.42067218,92525088.47630742,0.39880637681324216,0.39881503653580785,-0.10901684753501231,-0.10901380759234996,-0.6106290014846555,-0.610654362882402
120492123.43519211,122079669.11120495,120492123.43519211,122079669.11120495,0.5193626010137591,0.5262054703069179,-0.07405076781263495,-0.07241252428054468,-0.7873002204663111,-0.7725165145028161
342268332.74103177,342377103.9390708,320156176.3905853,321088600.02825093,1.4752945376768611,1.4757633790477191,0.032132663689120836,0.03241387038668843,-0.8497317535157886,-0.8494105515025162
137609692.37759912,137677844.63753766,137609692.37759912,137677844.63753766,0.5931452257655134,0.5934389855066279,-0.05778336001224772,-0.057724147896768774,-0.870921879714555,-0.8692544746273468
256246350.71794894,256252494.67696536,254731505.13847142,254751375.3997928,1.1045101324049524,1.1045366149869196,0.009544279105868456,0.009552163076185827,-0.5743243791632195,-0.5743266721016081
59073704.48932505,59213990.595936745,59073704.48932505,59213990.595936745,0.2546280365919183,0.25523271808593423,-0.17936344844656704,-0.17894532974517077,-0.8595478557724925,-0.8472555176909242
78625716.9546907,79676377.169232,78625716.9546907,79676377.169232,0.33890395239090815,0.34343266021220686,-0.1326940625849032,-0.13069258996713423,-0.39271348809733675,-0.38832266121454895
106084149.86720783,110974281.57549627,106084149.86720783,110974281.57549627,0.45725926666899924,0.47833742058403567,-0.0904324895361161,-0.08454048303809081,-0.8109291471131852,-0.7884900737089924
102168879.36174649,102188516.06131288,102168879.36174649,102188516.06131288,0.44038310069718317,0.44046774164359004,-0.09543370727737827,-0.09540794737139316,-0.6925749779583927,-0.6926908827700906
92011822.69978526,92035607.09365001,92011822.69978526,92035607.09365001,0.39660268405079857,0.3967052029898707,-0.10979357243638208,-0.10975729904852483,-0.7241055229359775,-0.7192589793500718
133198217.19370343,133198217.19370343,133198217.19370343,133198217.19370343,0.5741302465245838,0.5741302465245838,-0.061702274860266665,-0.061702274860266665,-0.7334607879318487,-0.7334607879318487
88691845.62443644,88903786.34522411,88691845.62443644,88903786.34522411,0.382292438036364,0.383205975625966,-0.11499503584387591,-0.11465452940777712,-0.5381660155548369,-0.5377718299253349
78514289.52532719,78579449.91107178,78514289.52532719,78579449.91107178,0.3384236617471,0.3387045254787577,-0.13290867820181937,-0.13278312016430585,-0.4889960486099264,-0.4887382576200051
140884972.5638378,141652611.77634016,140884972.5638378,141652611.77634016,0.6072628127751629,0.6105716024842248,-0.05498139291530925,-0.05433728086727693,-0.6456981126322103,-0.6181253393413162
64584861.6743697,66634869.46555796,64584861.6743697,66634869.46555796,0.2783830244584901,0.28721926493774985,-0.16402024273219384,-0.15882251454444024,-0.8737057919966635,-0.8712344419635493
86549635.41488643,87945449.5885265,86549635.41488643,87945449.5885265,0.37305877334002774,0.3790752137436487,-0.11850508079256199,-0.11620376173869326,-0.6223593809016443,-0.6173161927897661
78304406.9099284,84479162.98112892,78304406.9099284,84479162.98112892,0.3375189953014155,0.3641343231945212,-0.13331416726715067,-0.12202127006776556,-0.8470998957058998,-0.8390496174198276
149823271.65117428,165824043.13747323,149823271.65117428,165824043.13747323,0.6457899640136823,0.7147588066270397,-0.047757341300366365,-0.03614608228956184,-0.6535606265584769,-0.6173712695192614
96079302.70249292,98665414.1988244,96079302.70249292,98665414.1988244,0.4141349254417798,0.4252819577535535,-0.10378105692957812,-0.10014597963676841,-0.5550423371481722,-0.544929118086511
68861940.22229813,69011786.0974195,68861940.22229813,69011786.0974195,0.2968187078547333,0.29746459524749785,-0.15344854046178064,-0.15309656350498602,-0.7099518032808213,-0.7099414221897679
142538255.63403368,144864658.75997427,142538255.63403368,144864658.75997427,0.6143890329053175,0.624416632586096,-0.05359992220127534,-0.05169179301778641,-0.6006873009549321,-0.5852689243976377
86239684.92349128,89194911.73883998,86239684.92349128,89194911.73883998,0.37172277984263485,0.38446082646051716,-0.11902352198533109,-0.11418873644857419,-0.6051406704966671,-0.5873541788835593
61502354.909443036,61560720.78134085,61502354.909443036,61560720.78134085,0.26509635736828896,0.2653479344023313,-0.17233741118257695,-0.1721739182231955,-0.7653090628908792,-0.7691854222591922
160006496.0085843,160081927.68838596,160006496.0085843,160081927.68838596,0.6896831724507944,0.6900083090016637,-0.040191258661825796,-0.04013758663586281,-0.6705895019880235,-0.661746686650655
79640578.74581207,81467110.34086357,79640578.74581207,81467110.34086357,0.34327835666298306,0.3511513376761361,-0.13076013376197784,-0.12737064522781905,-0.6400245976400496,-0.6192190063451003
67375411.73665172,73760923.91668682,67375411.73665172,73760923.91668682,0.29041125748556773,0.31793501688227077,-0.1570052330297773,-0.14251362677842813,-0.8164915693681609,-0.7584477684960758
87961820.73271264,88137418.83267578,87961820.73271264,88137418.83267578,0.3791457790203131,0.3799026673822232,-0.11617708883914184,-0.11589145056944083,-0.5530978847479142,-0.5524109097620927
66737392.30706136,66842780.75131799,66737392.30706136,66842780.75131799,0.28766117373733346,0.2881154342729224,-0.15856907049424,-0.15830916807040124,-0.7917775154116674,-0.7956083486363273
70218598.1885945,70275553.75923584,70218598.1885945,70275553.75923584,0.30266637150256254,0.30291186965187866,-0.1503039639669801,-0.15017398491049128,-0.6374436149161464,-0.6182461590056582
161401034.8238292,161525058.40341282,161401034.8238292,161525058.40341282,0.6956941156199534,0.6962287000147104,-0.03920430475800771,-0.03911706889495027,-0.8180001204783558,-0.803878144126669
94455031.7881577,94553525.40105769,94455031.7881577,94553525.40105769,0.4071337577075763,0.40755829914249003,-0.1061370552186599,-0.10599252749661117,-0.8070683394791919,-0.7798451096431809
92853157.95920096,95373469.15087116,92853157.95920096,95373469.15087116,0.40022912913448694,0.4110925394434102,-0.10851868116898486,-0.10479774563083591,-0.6066527019151505,-0.5939843633531048
91083772.08174643,91622577.30568174,91083772.08174643,91622577.30568174,0.3926024658695967,0.39492490217966264,-0.11121967570188074,-0.1103891521047092,-0.5080709923706941,-0.5301552796943013
73502936.7902624,82437062.6254406,73502936.7902624,82437062.6254406,0.3168230034063034,0.3553321664889681,-0.14306164145091066,-0.12561637979824436,-0.7944689640114881,-0.7442128425466377
346809429.1457733,405712769.206474,322793347.0251111,384792323.4651302,1.494868229076609,1.7487619362348017,0.032925529009205284,0.04965027290563091,-0.6416099237219746,-0.5902115210416232
110081466.47572935,110167316.3164795,110081466.47572935,110167316.3164795,0.4744890796367644,0.47485912205379094,-0.0855886799182739,-0.08548737183763222,-0.7386210330137977,-0.7182138338667732
200499743.76284057,205795891.26823828,200499743.76284057,205795891.26823828,0.8642230334605197,0.8870512554665443,-0.015319724783416772,-0.012542186540927272,-0.6379430466603648,-0.6244609561983004
151565981.51386443,161642440.04397544,151565981.51386443,161642440.04397544,0.6533016444563122,0.6967346553619631,-0.046415303687099216,-0.03903458527426665,-0.635882343015745,-0.5314738415572892
74856257.55118868,82620180.17867658,74856257.55118868,82620180.17867658,0.32265628254822704,0.35612146628739905,-0.1402188937678964,-0.12528863209456967,-0.4791370448024612,-0.4335482053185069
120868850.01426357,123559684.5108433,120868850.01426357,123559684.5108433,0.520986422475274,0.532584847029497,-0.07365933158687527,-0.07091141014660052,-0.5635596881580309,-0.540494101596261
47141782.745667845,63547614.51054846,47141782.745667845,63547614.51054846,0.2031973394209821,0.27391213151098476,-0.2219165497539251,-0.16674872072172717,-0.7863815179359995,-0.7092932910592442
236963814.20801985,258415843.61805314,236963814.20801985,258215869.63740844,1.0213957508966374,1.1138613949054015,0.002178961402627649,0.010915509257868074,-0.6308756043448782,-0.5476852140217439
77586918.12546784,79892704.40574516,77586918.12546784,79892704.40574516,0.3344263712304648,0.34436510519717745,-0.13471275377961733,-0.1302853912401727,-0.5381685915512071,-0.5289003526515381
151559025.75481385,152039467.4214805,151559025.75481385,152039467.4214805,0.6532716627362666,0.6553425319891402,-0.04642061967501834,-0.04605419344967099,-0.5991725180796488,-0.5888660751926768
225161608.59115878,225174336.48709655,225161608.59115878,225174336.48709655,0.9705241749618913,0.9705790365823127,-0.0030975179642434795,-0.003091645485453062,-0.668248974370099,-0.6682328615183593
200860008.4010852,203111402.29961824,200860008.4010852,203111402.29961824,0.8657758982805397,0.8754801823259407,-0.015127880614006366,-0.013938701616387446,-0.531959885420413,-0.4937724834694813
76856037.12817252,77196295.1911585,76856037.12817252,77196295.1911585,0.3312760221041919,0.332742651686028,-0.13615757438393736,-0.1354823854011297,-0.672404013233109,-0.6684590004978918
91713615.44061318,91715708.81343514,91713615.44061318,91715708.81343514,0.3953173079336775,0.39532633109239285,-0.1102495263559212,-0.11024631810938407,-0.7950245887833792,-0.7950228893738225
55171121.42969836,55451730.449007034,55171121.42969836,55451730.449007034,0.23780655788663088,0.23901607952158205,-0.1916603112419335,-0.19073065141973589,-0.8068437393866539,-0.8030923031301707
97885959.58765087,103411758.83819339,97885959.58765087,103411758.83819339,0.42192223960194336,0.4457403398197991,-0.10122704539250851,-0.0938170206184657,-0.5525745281375263,-0.5286448577475634
85189503.11114255,85252774.07014921,85189503.11114255,85252774.07014921,0.3671961340997524,0.36746885375064314,-0.12080073057538096,-0.12069274466028557,-0.7133478912035802,-0.7141377736092713
99621991.29535282,99621991.29535282,99621991.29535282,99621991.29535282,0.42940513489376214,0.42940513489376214,-0.09883587185614645,-0.09883587185614645,-0.45252039959074075,-0.45252039959074075
69681015.7331436,77892598.66911213,69681015.7331436,77892598.66911213,0.30034920574630863,0.33574395978065574,-0.15153879004576215,-0.13411453175548776,-0.6377825449329098,-0.614503862421358
87908003.24587877,87908003.24587877,87908003.24587877,87908003.24587877,0.37891380709430506,0.37891380709430506,-0.11626479907681828,-0.11626479907681828,-0.5108375148930429,-0.5108375148930429
80655392.47926928,92659741.37605947,80655392.47926928,92659741.37605947,0.3476525537899538,0.39939543696577356,-0.1288628036077607,-0.1088102798505084,-0.5354534672281861,-0.49679656550156015
110341766.91230714,110920935.56237689,110341766.91230714,110920935.56237689,0.47561106427718597,0.47810748087231414,-0.08528185018534731,-0.08460278074911998,-0.5017689663715568,-0.49845282751416975
72176204.50996558,72368057.50673452,72176204.50996558,72368057.50673452,0.3111043297843344,0.3119312823566143,-0.14592673163864428,-0.14550748736939886,-0.7588113332638716,-0.7360553544935884
462329497.6997812,462614678.2655935,415293657.68901455,415598084.1119051,1.992799559050781,1.9940287856275583,0.05677241802028819,0.05684045861600241,-0.5065503727608376,-0.5063535212268861
457639483.4447808,461865886.31104696,411352833.5224583,416064681.1310496,1.9725839803654346,1.9908012340993404,0.05588646113901742,0.056944634881687564,-0.49312891573371254,-0.4906103371416609
277755481.28410494,305730183.266406,269026580.71258754,300079770.4860198,1.1972219020866592,1.3178025140793361,0.015031713480877337,0.02583277914690347,-0.6438402711531734,-0.5872024169196992
89907059.10906722,89909752.18890223,89907059.10906722,89909752.18890223,0.38753042719425523,0.3875420352969924,-0.11305863395195265,-0.11305438516776017,-0.5232255349394317,-0.5232161032683192
301901140.953122,327598436.59795356,289502635.9192046,313651797.6508079,1.3012980213496639,1.4120622267153171,0.022309699000488244,0.030143853862353763,-0.5603275402696091,-0.5624865453464339
186343334.30960086,186418189.00462574,186343334.30960086,186418189.00462574,0.8032040271965555,0.8035266767440764,-0.023221845714242448,-0.02317808000110671,-0.6386527795571417,-0.6337114260785459
91829727.71356492,93791883.58473374,91829727.71356492,93791883.58473374,0.3958177918688143,0.4042753602790247,-0.11007173659955394,-0.10711585651291917,-0.7424719568860406,-0.7242686271455492
99276060.23076124,99289997.65634274,99276060.23076124,99289997.65634274,0.42791405271879845,0.4279741278290636,-0.09930756381205819,-0.09928851404755687,-0.714599500120997,-0.7145924312505711
105951764.23832458,115191594.67085207,105951764.23832458,115191594.67085207,0.4566886389582956,0.49651549427091407,-0.09059730125371451,-0.07974402338573275,-0.6320277949962586,-0.582852169270888
496347271.04711515,592610146.9602345,439172308.49951464,547378608.165364,2.139427892444462,2.554354081725149,0.06194390626934741,0.08196534800969024,-0.8221616466202568,-0.6931322030928634
120048700.7728352,120048700.7728352,120048700.7728352,120048700.7728352,0.5174512964346345,0.5174512964346345,-0.07451367117119462,-0.07451367117119462,-0.5147509304731739,-0.5147509304731739
174429016.00934052,180682350.01068702,174429016.00934052,180682350.01068702,0.7518492069368126,0.7788032328046854,-0.03048864418222049,-0.026598130500606082,-0.769734905947082,-0.7299980531921151
45816429.07979241,48572156.975101516,45816429.07979241,48572156.975101516,0.1974846081025535,0.20936274558233411,-0.22771631527738606,-0.21594432309776268,-0.8884240027414451,-0.8845395253887811
161238005.72575045,161238005.72575045,161238005.72575045,161238005.72575045,0.6949914039903037,0.6949914039903037,-0.039319109473354374,-0.039319109473354374,-0.5173771880969382,-0.5173771880969382
123327275.21184665,123798564.31739794,123327275.21184665,123798564.31739794,0.5315830828096838,0.5336145013680945,-0.07114549448605792,-0.07067143714058302,-0.7583860695154554,-0.7332129379384632
428394210.9399868,445968607.50025314,387809101.7315779,408518440.4396245,1.8465267712930467,1.9222784806045394,0.05038304777578759,0.055243239985686504,-0.5065221217098674,-0.4935863762120902
92079077.32445957,92269163.11354385,92079077.32445957,92269163.11354385,0.3968925746743947,0.39771190997217176,-0.10969103815705639,-0.10940182713558563,-0.7968798697845042,-0.7847245163405125
151344288.36394176,155168268.36082914,151344288.36394176,155168268.36082914,0.6523460705342318,0.6688287429346084,-0.04658489278527993,-0.04370463802309253,-0.6710494974206682,-0.6579966449869173
78685073.54916118,78691543.24951747,78685073.54916118,78691543.24951747,0.33915979978086713,0.3391876864203339,-0.13257992443570207,-0.13256749150198216,-0.3629295515606932,-0.36408020263871743
109672614.14215872,117876506.73899111,109672614.14215872,117876506.73899111,0.4727267850955117,0.508088391116341,-0.08607267656604409,-0.07681588381412233,-0.5171748735185663,-0.48243644203166447
181796537.76594272,190651488.16673565,181796537.76594272,190651488.16673565,0.7836057662325118,0.821773655891102,-0.02592303339226735,-0.020738698458589923,-0.6647075915455098,-0.6019845589514199
121318178.38268253,121331146.54190087,121318178.38268253,121331146.54190087,0.5229231826839764,0.5229790799219866,-0.07319465040377249,-0.0731812743330694,-0.4995751264372065,-0.49955140706570356
104232714.16859517,106984195.22713628,104232714.16859517,106984195.22713628,0.4492789403818757,0.46113877253075986,-0.0927642195485652,-0.08931964197674733,-0.696556644469605,-0.688789565726855
58609559.290820315,60788468.01241099,58609559.290820315,60788468.01241099,0.25262741073629447,0.2620192586741853,-0.18075802316051715,-0.17435696480427829,-0.7450712871587839,-0.7506560399736298
115212212.74345237,115213584.8071068,115212212.74345237,115213584.8071068,0.4966043652735016,0.49661027934097757,-0.07972117737418258,-0.07971965725040026,-0.5218473063602805,-0.5186860225308927
97036579.47584954,98984933.24521327,97036579.47584954,98984933.24521327,0.41826111843038594,0.426659195022471,-0.10241926269894236,-0.09970635599028463,-0.47949007471767247,-0.4272615621129613
439902385.5209,595711275.2748094,395185144.48939675,555008599.3121289,1.896130972072845,2.5677210141155578,0.052147474394549975,0.08320673367765954,-0.6596805170801692,-0.6301900193079899
86243530.01343074,86595398.4262871,86243530.01343074,86595398.4262871,0.371739353506167,0.3732560276995134,-0.11901707366358871,-0.11842876644813835,-0.8590706974121504,-0.8637611851855561
99451906.03192711,100452328.71888828,99451906.03192711,100452328.71888828,0.4286720087583065,0.4329841755124495,-0.09906749689467834,-0.09771317384892086,-0.5795732525615069,-0.5744972843847171
148506003.02786407,148768087.010022,148506003.02786407,148768087.010022,0.6401120820166555,0.6412417543535431,-0.048785521900170284,-0.048579995378361426,-0.9028199946877461,-0.9037396642684435
168019240.90453056,168383748.44945374,168019240.90453056,168383748.44945374,0.7242208659678041,0.72579201917868,-0.034667323776328515,-0.034424202883805155,-0.8023974036257607,-0.7833954433636167
87562939.87225248,87562939.87225248,87562939.87225248,87562939.87225248,0.37742646496660553,0.37742646496660553,-0.11682905218046952,-0.11682905218046952,-0.5103624429353533,-0.5103624429353533
66999030.22791673,129006016.33825846,66999030.22791673,129006016.33825846,0.28878892339619283,0.556060415251114,-0.1579249968196782,-0.06559249693823349,-0.723477543810745,-0.49881870456370614
439611422.7220324,465516906.2882789,394839406.5307239,430886897.31551147,1.894876822077726,2.006538389173616,0.05206561652971925,0.06018647479459767,-0.7159075164980171,-0.7012512789323617
94142790.2684056,114031608.21824989,94142790.2684056,114031608.21824989,0.40578788908795516,0.4915155526648702,-0.1065966777422332,-0.08103859409105912,-0.6502696061720343,-0.587734116933053
101649012.82361348,103358787.88547806,101649012.82361348,103358787.88547806,0.4381422966535064,0.44551201674775026,-0.09611825661098464,-0.09388535852476418,-0.8059926656922664,-0.8019607815091232
70925022.93964331,70936914.17213155,70925022.93964331,70936914.17213155,0.3057113057743246,0.3057625610867739,-0.1487031279198184,-0.14867638978460493,-0.6435966553512006,-0.6437971729007175
53650562.19645965,81723583.87231949,53650562.19645965,81723583.87231949,0.23125242326060194,0.35225682703585987,-0.19683158959831057,-0.12690377372302492,-0.8600487795682101,-0.7769902658568464
123913659.82405645,136402509.8354534,123913659.82405645,136402509.8354534,0.5341106026898985,0.5879418527390232,-0.07055604142750121,-0.05883876252463385,-0.7250987738594885,-0.646801624784024
127861554.4137749,151681991.95592803,127861554.4137749,151681991.95592803,0.551127389714547,0.653801689465207,-0.06668445706802045,-0.04632668930899225,-0.6198310943534298,-0.35224780800992783
155985663.9372259,158423585.42611703,155985663.9372259,158423585.42611703,0.6723519997294221,0.6828602820091252,-0.04310106452588794,-0.0413252368629817,-0.613095592049451,-0.606772254803515
68458236.38713554,68510615.56699215,68458236.38713554,68510615.56699215,0.2950786051169635,0.2953043774439317,-0.15440269246689203,-0.15427840703046808,-0.5303468078156319,-0.5305380857571655
62643792.459176615,62912653.059269905,62643792.459176615,62912653.059269905,0.27001634680679576,0.2711752287037496,-0.16918332693781615,-0.16845341295459249,-0.8706762883812981,-0.8634390609610927
278318307.49124503,279775939.21656144,269959317.50864184,274662566.86393857,1.1996478771174355,1.2059307724851787,0.015377493175219168,0.017099468206288194,-0.8062733712373136,-0.8099491217704186
116953234.90833917,119159087.66421407,116953234.90833917,119159087.66421407,0.5041087711566343,0.5136167571733365,-0.07781226905430125,-0.0754495199536562,-0.6787742685430159,-0.6790202439291337
79261815.22482209,82378536.27046007,79261815.22482209,82378536.27046007,0.34164575527940555,0.3550798977175003,-0.13147757112704203,-0.1257213596856992,-0.8502930387821073,-0.8116218298402675
110316898.25280753,110503817.97430927,110316898.25280753,110503817.97430927,0.4755038717793428,0.47630956023409166,-0.08531112029068771,-0.08509134436768495,-0.458649033947763,-0.46104013829886803
75436372.53537546,83464619.67922878,75436372.53537546,83464619.67922878,0.3251567781697218,0.3597612917208137,-0.13902402557773247,-0.12379107272978884,-0.8407608361141954,-0.8434184731804992
46201131.75753637,47931798.31111509,46201131.75753637,47931798.31111509,0.19914280929972572,0.20660257892722023,-0.2260052945573373,-0.21858260420246584,-0.7342043572894181,-0.730020435072366
165691337.3151502,167488373.7696001,165691337.3151502,167488373.7696001,0.7141867987721991,0.7219326455586211,-0.03623629053741437,-0.03502262849119386,-0.4261873357851591,-0.4234862536944124
52177784.74676773,59979152.48980746,52177784.74676773,59979152.48980746,0.22490424459813677,0.25853082969744595,-0.2020676031082667,-0.17669188267958857,-0.8562893394542405,-0.840148084470191
67497953.3933512,69181577.53683034,67497953.3933512,69181577.53683034,0.2909394542816862,0.29819645490013075,-0.1567074849865167,-0.15269915074288554,-0.5362689667298005,-0.501847949586641
92540143.47362539,95309806.283003,92540143.47362539,95309806.283003,0.39887992876562667,0.41081813053018534,-0.10899103062258952,-0.10488997996565833,-0.665835130992306,-0.6537697836399344
122685068.46095505,126320984.28982174,122685068.46095505,126320984.28982174,0.5288149502627373,0.5444870012492317,-0.07179548969113628,-0.06817556631368418,-0.6307941379192885,-0.5904757731432032
102490566.10706194,102490566.10706194,102490566.10706194,102490566.10706194,0.44176968149595663,0.44176968149595663,-0.09501259656323657,-0.09501259656323657,-0.48559373652101434,-0.48559373652101434
93857157.67150766,94291686.09201966,93857157.67150766,94291686.09201966,0.4045567141013261,0.40642968143111924,-0.10701906843905915,-0.10637722694258839,-0.7206999110543819,-0.6827676369969584
107023877.70231426,108268536.02473167,107023877.70231426,108268536.02473167,0.46130981768238905,0.46667472424453305,-0.0892708815709575,-0.08775430923876121,-0.5451698686131907,-0.5406741247519082
108066218.09904632,114205927.37772842,108066218.09904632,114205927.37772842,0.46580266422002725,0.49226692835227764,-0.0879991501080711,-0.08084288206646553,-0.6652690420328471,-0.6268837187713205
91913116.6170876,91913116.6170876,91913116.6170876,91913116.6170876,0.3961772267977914,0.3961772267977914,-0.10994425412614672,-0.10994425412614672,-0.7139980019455165,-0.7139980019455165
108664976.95656444,108664976.95656444,108664976.95656444,108664976.95656444,0.4683835213645019,0.4683835213645019,-0.08727640699206568,-0.08727640699206568,-0.49486293885602084,-0.49486293885602084
61400512.82411016,63669754.57075226,61400512.82411016,63669754.57075226,0.2646573828625438,0.2744385972877253,-0.17262327023334068,-0.1664238463199249,-0.7943433126507989,-0.7883488108488755
352697638.4277733,400401544.12863576,328536145.7908834,377849485.6837549,1.520248441499023,1.7258687246923956,0.034626115601980104,0.04793846771440051,-0.6095876907268346,-0.4908579275588345
169851632.39884603,205217284.74197912,169851632.39884603,205217284.74197912,0.7321191051674398,0.8845572618188755,-0.03345199688656579,-0.012841250787040556,-0.7150837149178315,-0.6693620946581428
140648803.89555764,140655885.89320663,140648803.89555764,140655885.89320663,0.6062448443774037,0.6062753702293389,-0.05518050231371813,-0.05517452511076419,-0.645324377190525,-0.6453180739525644
61235920.29035068,61712633.23252863,61235920.29035068,61712633.23252863,0.26394793228599434,0.2660027294505544,-0.17308683342864184,-0.17174951860561133,-0.5629495136649258,-0.5844000883356636
110642536.02683017,117092193.97563964,110642536.02683017,117092193.97563964,0.476907482874268,0.5047077326536191,-0.08492857951827545,-0.07766161041043612,-0.5008657928215052,-0.47545777518941734
191371387.54911533,191924465.31481487,191371387.54911533,191924465.31481487,0.8248766704703246,0.8272606263569606,-0.020330701595610304,-0.020018567618313964,-0.7610250378168879,-0.7549992220084276
108388195.26455231,112505672.87690076,108388195.26455231,112505672.87690076,0.46719049682996683,0.48493824515905504,-0.08760980307771554,-0.08276979505913243,-0.8241483466416608,-0.8274461444964394
93494461.47206362,93494461.47206362,93494461.47206362,93494461.47206362,0.4029933684140673,0.4029933684140673,-0.10755811104108523,-0.10755811104108523,-0.5553038551816496,-0.5553038551816496
376443762.7725298,441189355.5353297,345682289.6804236,413137656.7794379,1.6226024257436629,1.9016782566178003,0.039503710894157204,0.056288909951621405,-0.6494038099234087,-0.6117178558720563
103922914.34211636,103922914.34211636,103922914.34211636,103922914.34211636,0.4479435963022257,0.4479435963022257,-0.0931601226927187,-0.0931601226927187,-0.4673745695331659,-0.4673745695331659
123810581.77889708,126899010.93729144,123810581.77889708,126899010.93729144,0.5336663007711081,0.5469784954193597,-0.07065938145845208,-0.06761320404901483,-0.8673253225394304,-0.8437384639714476
82865258.28400442,85499866.73122902,82865258.28400442,85499866.73122902,0.3571778374310535,0.368533908324263,-0.12485167026512792,-0.12027215659151155,-0.5887658824690615,-0.5791798490411812
92000520.64545934,96154004.69473328,92000520.64545934,96154004.69473328,0.3965539682993937,0.41445691678764346,-0.10981081388773373,-0.1036740859637175,-0.9262833579908359,-0.9171896886422257
80555051.56621382,80746550.51582456,80555051.56621382,80746550.51582456,0.3472200498543699,0.3480454763613127,-0.12904881291894252,-0.12869411632475472,-0.6329216632652304,-0.6129832623248525
93939357.76067579,102230328.13667673,93939357.76067579,102230328.13667673,0.40491102483049907,0.4406479661063652,-0.10689732118162731,-0.09535312073845392,-0.6430344479373113,-0.6076860034329932
100165780.21199897,100405228.17676675,100165780.21199897,100405228.17676675,0.43174905263792657,0.43278115593433947,-0.09809911138055424,-0.09777650302787516,-0.7901862737768942,-0.7802148819570887
103395806.91655442,104136402.1686128,103395806.91655442,104136402.1686128,0.44567158153687253,0.4488638024509172,-0.09383759498251679,-0.09288712072709973,-0.5868066127995979,-0.5850036755497454
81761730.05506091,81761730.05506091,81761730.05506091,81761730.05506091,0.3524212502373315,0.3524212502373315,-0.12683452061744221,-0.12683452061744221,-0.5009464445693729,-0.5009464445693729
119964361.84578961,119964361.84578961,119964361.84578961,119964361.84578961,0.5170877665766793,0.5170877665766793,-0.0746019822441022,-0.0746019822441022,-0.3339461646278511,-0.3339461646278511
88928356.24314058,91325688.98733354,88928356.24314058,91325688.98733354,0.38331188035836455,0.3936452111522997,-0.11461513200425577,-0.11084589824218793,-0.4472230543499349,-0.4367361814712596
65767292.11812495,66887911.34569911,65767292.11812495,66887911.34569911,0.283479707405711,0.2883099626969789,-0.16099161445492843,-0.15819806309606527,-0.7665499552950392,-0.7363377503169972
104753559.31066401,106136012.03725837,104753559.31066401,106136012.03725837,0.45152396254596555,0.457482810505424,-0.09210236220198165,-0.09036800365438122,-0.7028123012498757,-0.6922385070422539
82924613.42080809,83270769.08524081,82924613.42080809,83270769.08524081,0.3574336785379659,0.3589257288156931,-0.12474613154330629,-0.12413286125602226,-0.7040584510855425,-0.7030772191799712
83083080.8882687,83996779.45689392,83083080.8882687,83996779.45689392,0.35811672796667543,0.36205508386592206,-0.12446491059086158,-0.12285880927649506,-0.5626374184032503,-0.5503245377858408
732572603.9286113,747965934.5190024,623403372.097499,669452460.4615121,3.1576405341750484,3.2239910970646655,0.0935580019647412,0.09984820508438241,-0.656665137288942,-0.6261237396415796
94602630.16903925,94789813.37440991,94602630.16903925,94789813.37440991,0.40776995762516915,0.4085767817862496,-0.10592055337455453,-0.10564668880348932,-0.43032865752780924,-0.42946602031742265
141049904.76698747,141049904.76698747,141049904.76698747,141049904.76698747,0.6079737274439115,0.6079737274439115,-0.0548426061875473,-0.0548426061875473,-0.5553699766288629,-0.5553699766288629
100596567.72704656,101352421.54049489,100596567.72704656,101352421.54049489,0.4336058953752007,0.436863885950409,-0.09751950046414568,-0.09651104157150678,-0.6214518680321874,-0.605274650230027
98067646.66149125,98648224.01016077,98067646.66149125,98648224.01016077,0.42270537354091053,0.42520786211276196,-0.10097395227705197,-0.10016968933108028,-0.4521311905040135,-0.4489030021068493
213176436.2031284,213210445.7155777,213176436.2031284,213210445.7155777,0.9188639491514156,0.9190105418774901,-0.00881719349441595,-0.008800402540014622,-0.7122244496779846,-0.7118997243620973
279950396.1712128,270552932.3773768,270561178.75554013,270552932.3773768,1.2066827421172965,1.1661764326611068,0.015599851081974515,0.015596808470462967,-0.9107227586922267,-0.8901920154698271
109526647.93444514,128574399.32412681,109526647.93444514,128574399.32412681,0.47209762040709113,0.5541999970867535,-0.08624608441179785,-0.06600275945645198,-0.6190365649216294,-0.47831062907316924
180449919.15721396,180599849.28769633,180449919.15721396,180599849.28769633,0.7778013756776464,0.7784476262400704,-0.026739633714526784,-0.026648330030476328,-0.356544315734751,-0.35612433959212275
127905278.10639869,127905278.10639869,127905278.10639869,127905278.10639869,0.5513158539068909,0.5513158539068909,-0.06664249498342587,-0.06664249498342587,-0.482556425267302,-0.482556425267302
639197085.5056098,645611510.3824707,552904638.0974594,561111764.7692007,2.7551598513172832,2.7828082344072014,0.08286631980085732,0.08418618072718159,-0.5410797865146288,-0.5366884634480005
63353161.25863126,65845406.20135343,63353161.25863126,65845406.20135343,0.2730739709423761,0.2838164060403165,-0.16726794673322898,-0.16079450661759537,-0.8202060934530166,-0.7966046874998669
246661021.36272216,247505599.83927935,246661021.36272216,247505599.83927935,1.0631940575979404,1.0668344820658593,0.00627895069640062,0.006626709503440275,-0.493999797710558,-0.4910102325435395
242903648.5392564,243484062.40158814,242903648.5392564,243484062.40158814,1.0469984850830016,1.0495002689723627,0.0047140662109807704,0.004957718775180304,-0.6431427230674535,-0.6441685207326213
83875129.78644986,87310727.41431013,83875129.78644986,87310727.41431013,0.361530731838146,0.3763393423030609,-0.12307114844612344,-0.11724354348841748,-0.5947124350002917,-0.5506715466885855
117415504.79981515,117549952.84460689,117415504.79981515,117549952.84460689,0.5061013137923067,0.5066808312267539,-0.07731203557565205,-0.0771670580444963,-0.62406165815899,-0.6237803342188056
