time,BNB,ETH,BTC
2022-05-01,390.021697217157,2829.09136440678,38459.226979135
2022-05-02,389.85716419386,2861.52780946815,38566.0628877849
2022-05-03,383.042746438122,2780.92367007598,37704.4053153127
2022-05-04,402.241807717845,2936.76534658095,39641.852176505
2022-05-05,378.158023749116,2746.63528112215,36502.0245601403
2022-05-06,379.577677725104,2697.48142811221,36042.9995584453
2022-05-07,365.827414097927,2636.53088603156,35508.7110227937
2022-05-08,355.407995135773,2519.63678281707,34058.9066861484
2022-05-09,302.314391048538,2257.95058188194,30457.9218194039
2022-05-10,318.328242996333,2342.92739614261,30990.7351659848
2022-05-11,268.656598379372,2068.27522092344,28796.5568217417
2022-05-12,269.170977653833,1958.4534585038,29030.7070417884
2022-05-13,291.196180476825,2016.05178404442,29285.9346718293
2022-05-14,295.559422327949,2053.09169362946,30051.935755114
2022-05-15,311.21038254236,2138.96401139684,31182.6212460549
2022-05-16,297.268451328617,2022.61946464056,29889.6124757452
2022-05-17,306.217387396654,2092.88074547048,30438.1944476914
2022-05-18,288.817315546757,1921.00792752776,28771.2204786675
2022-05-19,306.421458578899,2016.37226154296,30257.8852483928
2022-05-20,302.715100236936,1962.03072969024,29224.245998422
2022-05-21,312.166736937219,1973.77449105786,29420.0782857978
2022-05-22,319.358331221368,2044.56454897721,30331.87514173
2022-05-23,317.174214630886,1970.62047516072,29088.2515419638
2022-05-24,327.916496571202,1977.80444576271,29643.6837556984
2022-05-25,326.24827961692,1944.32836265342,29577.259880187
2022-05-26,307.125908490312,1807.68160239626,29332.4860467563
2022-05-27,300.943034632489,1721.27814289889,28612.0413103448
2022-05-28,308.12481353083,1793.65815663355,29045.5206344243
2022-05-29,305.643043556436,1811.05755844535,29430.0689800117
2022-05-30,322.020862243688,1996.49929953244,31735.9549719462
2022-05-31,321.249835568573,1947.31703623612,31831.4095251315
2022-06-01,300.832324002449,1827.6371081239,29825.9221992987
2022-06-02,308.177794984541,1835.3889748685,30504.2679997078
2022-06-03,297.724002420809,1773.33450613676,29662.6709708942
2022-06-04,301.2293773096,1799.04830862069,29792.4076779077
2022-06-05,298.710099452844,1805.68905447107,29915.4093009936
2022-06-06,295.388478033981,1857.0548635301,31333.6770197545
2022-06-07,290.173228911539,1812.55737521917,31175.0324289889
2022-06-08,289.036946562523,1794.50157685564,30228.464698422
2022-06-09,289.524844908065,1787.18229456458,30064.4855289305
2022-06-10,285.992623596676,1662.50309760374,29070.4000300994
2022-06-11,269.713538520419,1529.50090531853,28360.7899231444
2022-06-12,256.698765420799,1449.37609070719,26830.2839456458
2022-06-13,220.740939390783,1192.1638591467,22316.2570400351
2022-06-14,222.230110919165,1205.54458474576,22072.8663085915
2022-06-15,232.189346899354,1228.52421186441,22520.7910087668
2022-06-16,208.908573308808,1062.05631794272,20310.1769848042
2022-06-17,216.077209626732,1087.0124880187,20464.9290873174
2022-06-18,197.201778671361,992.790097311514,19013.8672536528
2022-06-19,214.0927325725,1124.3688886616,20492.2951683226
2022-06-20,216.354127727952,1122.38415809468,20571.6292247224
2022-06-21,219.225330044245,1124.80054354179,20688.4651312098
2022-06-22,214.707598965148,1052.48545265926,20003.1683375219
2022-06-23,228.969736674656,1144.74839117475,21097.1028331385
2022-06-24,241.086685459835,1233.92042811221,21299.0769853887
2022-06-25,239.42027462321,1242.46349766219,21468.3431566335
2022-06-26,234.531021788066,1204.22064611338,21066.6209430158
2022-06-27,233.950518763433,1194.90176943308,20751.0516960842
2022-06-28,226.836273506359,1142.80152688486,20263.2196393922
2022-06-29,219.053457956614,1095.82495207481,20080.9480864991
2022-06-30,215.326739000662,1041.53905172414,19332.9121294565
2022-07-01,217.61034306929,1066.1029628872,19341.8631240795
2022-07-02,217.923790962472,1066.51756253653,19231.8317083577
2022-07-03,218.867094149871,1073.70227878434,19276.5146639392
2022-07-04,231.008473283659,1150.1623100526,20226.2984745763
2022-07-05,230.895159785168,1134.55701782583,20193.3427938048
2022-07-06,238.701971202816,1190.01984395091,20560.8438126826
2022-07-07,241.512243619107,1238.44509789597,21651.4191423144
2022-07-08,242.205428734331,1231.2732019287,21813.7871239042
2022-07-09,243.023694425979,1216.82491992987,21585.1321922852
2022-07-10,234.245181077228,1167.00219023963,20831.2733915839
2022-07-11,225.621796076375,1096.53821274109,19971.3294704851
2022-07-12,221.259595582195,1040.3091364699,19339.1534734074
2022-07-13,229.712634114066,1109.91739918177,20155.5278386908
2022-07-14,237.965252485911,1190.77715517241,20552.8990289304
2022-07-15,238.609189796881,1235.44640999416,20831.722700526
2022-07-16,249.600867963741,1352.58443950906,21196.5091428989
2022-07-17,248.439280290647,1345.29871186441,20827.8886085915
2022-07-18,263.535486941173,1568.5177969024,22305.7066428989
2022-07-19,268.897922585417,1545.68401548802,23371.2026601403
2022-07-20,258.417530033887,1523.17327171245,23280.9356680304
2022-07-21,265.333924411965,1578.50633021625,23152.4093112215
2022-07-22,262.420006900824,1536.58702454705,22706.0835554646
2022-07-23,259.479467932408,1550.44882115722,22484.4592317358
2022-07-24,262.352647040428,1603.32482787843,22653.3570260082
2022-07-25,247.937564275256,1461.68290911748,21510.1255874342
2022-07-26,248.122035177992,1431.20655336061,21181.6591967855
2022-07-27,270.06335359665,1632.34205330216,22898.4150683226
2022-07-28,276.843153178812,1724.61137200468,23838.5568838691
2022-07-29,295.433665993251,1746.07636090006,23950.7403798948
2022-07-30,287.030664381622,1692.89731209819,23623.4349611338
2022-07-31,283.487143317041,1682.69250409117,23356.1722215079
2022-08-01,283.665040731337,1635.83942051432,23331.4426969608
2022-08-02,284.667499516589,1640.55228550555,23031.4268834015
2022-08-03,297.751430417658,1616.22450905903,22809.7474418469
2022-08-04,310.405433239035,1606.95118293396,22628.3320821157
2022-08-05,314.641947497493,1725.62800490941,23248.9715023378
2022-08-06,315.252518303673,1695.53410169492,22996.2750452952
2022-08-07,323.053303623254,1697.48315371128,23153.6584713618
2022-08-08,324.635605691951,1776.06239567504,23803.6505154296
2022-08-09,325.442291086197,1703.99224897721,23186.2917464641
2022-08-10,328.034925285235,1850.82996142607,23923.0584830508
2022-08-11,323.337252699513,1878.11309555815,23934.4390561075
2022-08-12,327.175185002919,1954.77856107539,24396.3088462887
2022-08-13,324.036968378575,1981.2375414962,24426.2225748101
2022-08-14,317.894329095407,1936.33989158387,24314.2021315021
2022-08-15,319.066266369978,1901.74608649912,24083.9539748685
2022-08-16,316.244847212046,1876.61579427236,23868.8193530099
2022-08-17,306.531271266334,1833.20730216248,23336.3489310345
2022-08-18,298.520278222368,1849.20067504383,23221.1706028638
2022-08-19,279.675149494663,1615.85071274109,20906.7663141438
2022-08-20,283.23579562798,1575.83517270602,21146.6548021625
2022-08-21,302.206072450616,1621.43778018703,21553.9961717125
2022-08-22,300.24936096739,1607.93964377557,21301.0840581531
2022-08-23,299.238884230619,1663.88241525424,21534.5143521333
2022-08-24,296.488738333568,1658.74535037989,21424.9728232028
2022-08-25,301.469978345903,1695.09793629456,21587.8395844535
2022-08-26,279.091446171571,1508.81155990649,20246.1655733489
2022-08-27,277.696055936682,1492.86255990649,20043.9909485681
2022-08-28,277.227713618119,1440.91843746347,19673.5412188778
2022-08-29,285.587690712548,1550.2820458796,20270.960383986
2022-08-30,281.875914703939,1529.58784628872,19825.4632066043
2022-08-31,278.738495937262,1551.72922092344,20024.6716059614
2022-09-01,278.310537737957,1586.34916686148,20105.4626072472
2022-09-02,276.995427356859,1576.59604120397,19948.8567472823
2022-09-03,277.429567702976,1555.05634833431,19803.8332697253
2022-09-04,278.513023815558,1576.03008123904,19961.9118907072
2022-09-05,276.537422216473,1613.06100555231,19797.7967884278
2022-09-06,263.890391416519,1565.69543600234,18846.150537405
2022-09-07,278.496109164329,1633.8871465225,19292.9070745178
2022-09-08,280.55582443776,1634.5638766803,19319.1248512566
2022-09-09,293.018851937632,1717.52412244302,21363.3136152542
2022-09-10,297.518186304168,1779.75839479836,21715.2107980713
2022-09-11,294.664589742697,1758.45961922852,21732.7705686733
2022-09-12,293.423286414478,1710.77241729982,22365.2145601987
2022-09-13,277.095820751771,1574.04311630625,20165.0421607247
2022-09-14,279.329752830528,1633.75933313852,20246.3660424313
2022-09-15,270.601031095991,1472.5554792519,19696.8698661601
2022-09-16,274.356123768246,1430.06413968439,19741.5776168907
2022-09-17,279.287342648619,1469.37018877849,20120.7023459965
2022-09-18,266.496974855621,1337.85839099942,19427.1002626534
2022-09-19,272.345093164789,1379.44124693162,19557.9769582116
2022-09-20,266.392684613649,1323.40883226184,18872.9498667446
2022-09-21,264.043203876023,1249.1307238457,18506.7607481005
2022-09-22,275.394886784103,1328.6692653419,19414.5396449445
2022-09-23,276.713927174178,1330.95503302162,19326.8648199883
2022-09-24,275.305089396027,1317.0079465225,18924.7677872589
2022-09-25,273.940665569719,1294.54904383402,18793.1561531268
2022-09-26,275.653974530812,1334.38671420222,19201.1317209234
2022-09-27,272.382552375998,1330.5247402104,19106.7389135009
2022-09-28,281.849430697425,1339.13675394506,19454.937210111
2022-09-29,283.55283735207,1333.64239392168,19540.8664105786
2022-09-30,283.902539512426,1327.0759956166,19435.1946917008
2022-10-01,282.734685246321,1311.22253331385,19311.861629398
2022-10-02,284.372653068986,1276.55304675628,19015.2928050847
2022-10-03,287.182754344271,1324.40998334307,19633.4325859147
2022-10-04,296.369631706266,1362.84395236704,20339.9712811221
2022-10-05,294.0556355857,1352.55720689655,20155.0996987142
2022-10-06,285.275589896076,1351.3537402104,19950.5477957335
2022-10-07,282.801073847314,1332.54090561075,19539.1439216832
2022-10-08,276.291241177233,1315.45911864407,19416.1772291058
2022-10-09,277.91570506554,1320.93465400351,19428.3671323787
2022-10-10,272.095591431967,1292.04924693162,19154.4042346581
2022-10-11,271.048252370348,1278.54329719462,19039.2820683811
2022-10-12,271.020616017273,1294.63398918761,19156.9115645821
2022-10-13,271.821242551763,1288.20101256575,19387.8336806546
2022-10-14,269.362421114123,1297.32227849211,19177.6941031561
2022-10-15,268.490150768188,1274.99698947984,19069.8749272355
2022-10-16,272.468970089161,1305.60972296902,19261.7497878434
2022-10-17,275.701120674111,1332.3694792519,19557.0218106371
2022-10-18,273.42653843588,1311.29945967271,19341.4075543542
2022-10-19,271.647485474141,1284.66447399182,19132.1544254822
2022-10-20,268.992192079115,1281.90813793103,19033.3760239626
2022-10-21,269.954989234532,1299.87529164231,19174.8763487434
2022-10-22,270.425733755734,1314.30632261835,19207.6285078901
2022-10-23,276.018875732277,1363.86034102864,19565.4123243717
2022-10-24,273.75072578636,1344.55304383402,19341.460210111
2022-10-25,285.373490845794,1461.29032407949,20094.9611215663
2022-10-26,290.598994801277,1571.25949210988,20797.0308258328
2022-10-27,286.84744976005,1514.78292051432,20280.1751280538
2022-10-28,297.984717935118,1555.96761455289,20604.6138535944
2022-10-29,303.663510140495,1618.89496873174,20803.8999205143
2022-10-30,313.238959348285,1589.51054997078,20616.7033766803
2022-10-31,327.150616086521,1571.20387054354,20490.8581808884
2022-11-01,324.794674174938,1580.25594681473,20483.966530976
2022-11-02,320.112795912753,1519.57743717124,20148.2845537697
2022-11-03,329.161122380138,1529.79641525424,20198.1111860316
2022-11-04,353.709490149916,1644.7656364699,21157.2449275278
2022-11-05,348.987428142185,1627.35012068965,21283.4715999416
2022-11-06,341.899346164039,1574.97463471654,20946.8030359439
2022-11-07,336.552695090585,1567.4638132671,20568.5651183518
2022-11-08,326.800582701773,1331.86717884278,18520.971163647
2022-11-09,264.4314962704,1092.99871040327,15758.2912819988
2022-11-10,302.807914051462,1297.56088690824,17541.5602866745
2022-11-11,288.525976649607,1280.90110344828,16916.8506312098
2022-11-12,281.615464464131,1252.00409994156,16771.2426718293
2022-11-13,275.981915652774,1220.14754500292,16320.4983375219
2022-11-14,278.36550081124,1240.72447603741,16629.4784146698
2022-11-15,276.439788614241,1249.54837960257,16855.59378609
2022-11-16,271.728593167922,1214.79349853887,16659.6063345996
2022-11-17,267.539326061757,1199.72255055523,16675.1790204559
2022-11-18,273.3708289393,1209.4787565751,16661.5229576271
2022-11-19,272.284264444991,1218.60619929866,16696.0040581531
2022-11-20,263.716732673945,1139.64296113384,16246.8446992987
2022-11-21,253.966214557169,1107.64197720631,15778.0174047341
2022-11-22,266.189501277977,1134.7735163647,16172.8893445354
2022-11-23,297.635377044326,1183.16671361777,16574.0617299825
2022-11-24,300.145367813382,1202.6865,16583.5243445354
2022-11-25,300.438531045843,1199.06187580362,16522.3887767388
2022-11-26,311.274846534482,1204.81936440678,16448.6413077148
2022-11-27,307.963266054776,1196.86665049679,16436.0707688486
2022-11-28,293.335553758242,1168.91699678551,16212.5814161309
2022-11-29,296.109138357885,1217.08083810637,16443.0368199883
2022-11-30,301.111342244085,1298.03941963764,17176.8986914085
2022-12-01,291.791691131379,1275.71093571011,16961.2918042081
2022-12-02,293.027729299279,1292.87129018118,17075.1091370544
2022-12-03,290.53590785425,1240.93125043834,16899.5073831093
2022-12-04,292.022167349729,1280.03346960842,17121.7149824664
2022-12-05,288.25271472267,1258.52961747516,16961.3517866745
2022-12-06,290.123563322681,1270.18564289889,17070.5158281707
2022-12-07,284.431676795326,1232.55245441262,16848.2518243717
2022-12-08,290.391071329742,1281.63305201636,17231.4563223261
2022-12-09,286.103491720026,1263.20861864407,17136.1490008767
2022-12-10,288.060526056295,1266.7714421391,17124.2146797195
2022-12-11,284.496177094246,1263.06966656926,17094.3606592636
2022-12-12,276.716105098396,1274.78023495032,17195.5249962011
2022-12-13,272.015932101777,1320.40190677966,17774.9166320865
2022-12-14,268.167042734447,1308.14814056107,17809.7240835769
2022-12-15,257.796300780815,1264.12830508475,17344.0544569258
2022-12-16,230.066186890881,1164.54822443016,16606.1101750438
2022-12-17,241.699823740522,1187.08355902981,16774.3853702513
2022-12-18,252.118538679277,1187.40088690824,16776.1159254822
2022-12-19,240.791584302568,1167.13473611923,16424.1313857393
2022-12-20,251.803362065645,1217.78852659264,16901.8169362946
2022-12-21,246.34912828312,1212.37697340736,16800.5329707773
2022-12-22,245.799610029931,1216.84605055523,16814.2225791935
2022-12-23,246.115096449543,1219.86765049679,16780.5169798363
2022-12-24,244.563373893617,1220.58067533606,16837.612170076
2022-12-25,242.993487452641,1217.7824880187,16824.8389736996
2022-12-26,243.530553398586,1224.37791788428,16879.9382273524
2022-12-27,246.310638522676,1211.57558153127,16698.9112708942
2022-12-28,243.853149742226,1188.10792518995,16536.2942001753
2022-12-29,246.245763023064,1200.92096843951,16630.5931551724
2022-12-30,245.654118276528,1198.58331034483,16593.6888287551
2022-12-31,246.364297531866,1195.33087931034,16524.2178024547
2023-01-01,244.01544714732,1200.00591934541,16606.7520432496
2023-01-02,245.646416815303,1214.8377685564,16688.7192729398
2023-01-03,246.053717815254,1214.22573816482,16670.0773836937
2023-01-04,258.813210985922,1255.92211689071,16848.3660391584
2023-01-05,256.359968022939,1250.14810315605,16824.8001826417
2023-01-06,259.723656835333,1269.2522521917,16957.8622738165
2023-01-07,261.179618891976,1263.50416335476,16942.6285891292
2023-01-08,273.589781494448,1284.640028346,17059.2399444769
2023-01-09,272.46252982511,1320.62153097604,17182.3198521333
2023-01-10,277.27473046468,1335.65639655172,17433.9146320865
2023-01-11,283.891299828003,1380.51409789597,17833.7107656341
2023-01-12,287.400981640207,1417.14464611338,18869.7044842198
2023-01-13,293.507028117332,1449.88405055523,19868.7247454705
2023-01-14,305.608337614474,1551.58092372881,21010.9227200468
2023-01-15,301.875610050177,1552.31962039743,20876.0085561075
2023-01-16,299.053101300582,1577.95188194039,21180.4119485681
2023-01-17,300.226042270028,1570.19011279953,21178.2993962595
2023-01-18,287.796770302243,1519.97825832846,20709.6686040327
2023-01-19,294.640152320622,1550.32473816482,21071.8334152542
2023-01-20,304.713336636257,1658.07273027469,22660.7169421391
2023-01-21,299.670337800199,1628.12569403857,22803.172761543
2023-01-22,302.772463927581,1628.26689450614,22716.2771966686
2023-01-23,305.617954328735,1627.93555610754,22929.0248936295
2023-01-24,300.754741716687,1553.74205523086,22611.1268787259
2023-01-25,307.127126312338,1607.73188661601,23109.0845189947
2023-01-26,304.670732412973,1601.93506399766,23008.6894766219
2023-01-27,308.284159354044,1598.01924400935,23070.4964582116
2023-01-28,305.840093289148,1570.18742606663,23008.8094649328
2023-01-29,317.398597251301,1646.29684132087,23774.9963679135
2023-01-30,306.712391807462,1565.98836440678,22799.427261543
2023-01-31,312.116973861547,1584.82108328463,23130.0519132087
2023-02-01,317.473048128185,1641.90211075395,23727.2026075395
2023-02-02,324.337961471432,1646.33768264173,23505.6048430742
2023-02-03,331.960619900916,1665.60525014611,23445.8131773816
2023-02-04,330.840920221775,1671.04695207481,23355.5243863238
2023-02-05,327.832104764241,1631.12114172998,22957.2251905319
2023-02-06,324.698506966054,1614.27482232613,22745.1650371128
2023-02-07,333.28369026561,1672.72231092928,23266.2692036821
2023-02-08,328.025191780074,1650.23299795441,22937.5799453536
2023-02-09,305.735545236793,1545.6244585038,21818.1989456458
2023-02-10,305.935492328882,1514.2499868498,21620.5667837522
2023-02-11,310.762838802295,1540.18145032145,21864.8626414378
2023-02-12,313.400514858889,1513.77351841029,21772.1373252484
2023-02-13,293.571288242122,1506.22274605494,21798.7157168323
2023-02-14,296.334340512419,1557.42669579194,22222.415043834
2023-02-15,317.121374736817,1672.84323933372,24304.6129827586
2023-02-16,305.871011651925,1643.89578404442,23742.4488354763
2023-02-17,313.631843297217,1696.04581063705,24607.3356054939
2023-02-18,316.190843431363,1690.93641057861,24636.5266127995
2023-02-19,312.357828053078,1683.20734979544,24366.9907606663
2023-02-20,314.945402838221,1700.88487288136,24797.8430359439
2023-02-21,311.06303310115,1655.09468264173,24400.3893898305
2023-02-22,312.448698623415,1641.94119491525,24163.7389812975
2023-02-23,308.317446343296,1649.39288398597,23910.0342104033
2023-02-24,301.820834637341,1608.29904324956,23175.8242036821
2023-02-25,302.178662230615,1593.90391671537,23159.8154403857
2023-02-26,308.841430312889,1640.57851431911,23542.0964281122
2023-02-27,304.609219680181,1633.62932583285,23504.1894178843
2023-02-28,301.468841576651,1606.66273436587,23145.9491277031
2023-03-01,302.466413335966,1661.70797282291,23610.6590902981
2023-03-02,299.925668055813,1647.85497837522,23470.0254815897
2023-03-03,289.956413564635,1569.16893132671,22350.0962340736
2023-03-04,289.17685914822,1565.88301373466,22334.2852638808
2023-03-05,288.231897999253,1563.63009818819,22419.8171390999
2023-03-06,287.967375204723,1567.53606341321,22414.7033056692
2023-03-07,288.835787982708,1560.02789246055,22174.6484725307
2023-03-08,287.122411097305,1534.22761718293,21701.3846227352
2023-03-09,276.841524188649,1436.66890824079,20349.8141732905
2023-03-10,278.320719969854,1434.1492194623,20240.406694623
2023-03-11,277.170923686697,1477.24561835184,20585.2343290473
2023-03-12,289.207265446457,1586.49992781999,22065.9800359439
2023-03-13,308.602506297396,1677.88656078317,24154.4290946815
2023-03-14,309.560878876083,1706.89304383402,24769.0175691409
2023-03-15,307.165465869871,1655.43240093513,24409.8017518995
2023-03-16,330.06376166906,1677.25818614845,25043.2388468732
2023-03-17,339.239054583885,1791.02045382817,27450.6282933957
2023-03-18,331.929671002494,1764.36525336061,26985.7359915254
2023-03-19,338.416954305755,1801.75050058445,28185.2043319696
2023-03-20,333.952400404239,1737.37734073641,27834.3361090006
2023-03-21,335.681672473329,1805.09059409702,28172.7950558153
2023-03-22,322.250112091562,1738.26925452952,27341.5571297487
2023-03-23,330.006520225591,1819.24090590298,28387.8897495617
2023-03-24,322.371591882865,1751.13301110462,27464.1249453536
2023-03-25,322.463307825798,1742.46973699591,27488.954880187
2023-03-26,329.229701436276,1778.52934570427,28049.3916911163
2023-03-27,310.451825811218,1714.87305932203,27154.9963702513
2023-03-28,313.182631199612,1774.92046697838,27283.9634029807
2023-03-29,314.007191289024,1794.74885768556,28389.2917784921
2023-03-30,316.606832453141,1791.79660169492,28021.5583009936
2023-03-31,317.059210781217,1824.00190356517,28514.6813062537
2023-04-01,314.992848073423,1822.41595762712,28494.5638863238
2023-04-02,313.751653512257,1794.75583547633,28161.9980362361
2023-04-03,308.859047744471,1811.18531180596,27850.9799436002
2023-04-04,310.826385007297,1868.19117066043,28113.9585187025
2023-04-05,314.21495536495,1911.12547106955,28190.3116063705
2023-04-06,312.405281178506,1872.08796493279,28049.0744763296
2023-04-07,310.672562054606,1866.34243366452,27936.8042609585
2023-04-08,310.694722878891,1851.750106955,27964.0512498539
2023-04-09,313.072412417531,1861.1328395675,28357.8072703098
2023-04-10,318.1795747782,1912.11599473992,29687.5651846873
2023-04-11,322.938719315511,1891.72326592636,30247.0959193454
2023-04-12,320.187068798764,1921.77945996493,29913.0035463472
2023-04-13,324.714509696301,2010.86303623612,30370.82207218
2023-04-14,329.138797060312,2102.23098217417,30458.9700414962
2023-04-15,333.774002467194,2094.48822501461,30342.0591084161
2023-04-16,348.411204146279,2119.36738223261,30312.9308533022
2023-04-17,340.062959788146,2076.5863679135,29469.5050727645
2023-04-18,343.067604486796,2101.64348246639,30366.8723813559
2023-04-19,322.196796272469,1936.27672559907,28796.7440952659
2023-04-20,317.68989449187,1943.00065926359,28251.2763790181
2023-04-21,321.651468884487,1849.59096668615,27292.0211052016
2023-04-22,332.160418580542,1875.55641846873,27827.5475920514
2023-04-23,330.562541264682,1862.81730888369,27604.6855742256
2023-04-24,331.299938548234,1842.86772092344,27520.1996729982
2023-04-25,338.828827180008,1868.05564640561,28302.6942180012
2023-04-26,330.520493691424,1866.89703068381,28384.2340333139
2023-04-27,331.710892343415,1909.36528959673,29465.5514272355
2023-04-28,324.452744716486,1893.93526767972,29350.811886616
2023-04-29,321.899613513142,1905.84894038574,29221.5145075979
2023-04-30,337.424641461592,1885.55236995909,29362.0867974868
2023-05-01,328.729601896618,1831.77346551724,28114.9531873174
2023-05-02,322.106639618126,1872.31188398597,28690.5809959088
2023-05-03,326.067753726165,1905.09636908241,29045.0427735243
2023-05-04,323.832031139566,1877.04549620105,28855.8574465225
2023-05-05,326.99924587115,1995.59514143776,29552.9695236704
2023-05-06,322.700867583057,1900.32479427236,28899.4629602572
2023-05-07,322.523006058948,1900.28729222677,28761.738434249
2023-05-08,313.779932710122,1850.24827673875,27727.2854091175
2023-05-09,312.319285846405,1848.22007364115,27642.4281092928
2023-05-10,314.696369178869,1842.46204091175,27646.004902104
2023-05-11,307.606098745891,1795.59223991818,26986.271065751
2023-05-12,308.277536259645,1807.86421858562,26773.3443591467
2023-05-13,311.150195668657,1799.58322033898,26841.3982913501
2023-05-14,311.949266307291,1799.90850993571,26918.261597896
2023-05-15,313.740207428135,1819.31062916423,27231.6216052016
2023-05-16,311.3887108732,1824.28658240795,27025.7181864407
2023-05-17,314.000825203578,1822.18958416131,27401.0440610754
2023-05-18,309.55885721412,1803.8054377557,26843.2350938048
2023-05-19,308.998988718236,1813.16229193454,26889.503631502
2023-05-20,310.512029088585,1819.32194330801,27100.8582878434
2023-05-21,306.626847195927,1806.48285184103,26777.0977831677
2023-05-22,309.211407195709,1818.20541291642,26858.7370637054
2023-05-23,313.485221428369,1854.56284511981,27226.8558763881
2023-05-24,306.007933092331,1801.14089976622,26341.4306446522
2023-05-25,304.698772758733,1806.9382106955,26484.8359234366
2023-05-26,306.910561361077,1829.23536440678,26720.3838071303
2023-05-27,307.432269613236,1830.77384950321,26854.5403702513
2023-05-28,314.246513876592,1911.28677440093,28097.5211259497
2023-05-29,311.801074895019,1894.85833810637,27765.0728693746
2023-05-30,311.623101617667,1900.83276183519,27712.4915844535
2023-05-31,306.739598856279,1872.94246113384,27217.6832580362
2023-06-01,304.984966775009,1861.87719082408,26825.3713451198
2023-06-02,307.32650055083,1906.95200964348,27255.2279941555
2023-06-03,306.593434271671,1891.8916364699,27079.4084643483
2023-06-04,305.403216747857,1892.3073100526,27158.25456955
2023-06-05,276.609633917255,1812.74285300994,25785.8514842198
2023-06-06,281.527479070694,1883.15331735827,27213.7705187025
2023-06-07,259.080181123437,1831.89239801286,26339.5790292227
2023-06-08,262.213651161066,1847.23547516072,26521.693600526
2023-06-09,260.390478881779,1838.42196376388,26470.6775780245
2023-06-10,239.123607279425,1752.90041496201,25863.2138506721
2023-06-11,235.0473141098,1751.8336811806,25906.8281516657
2023-06-12,231.0014085205,1742.45293424898,25906.7519354179
2023-06-13,243.018792003056,1736.92458503799,25880.8599734074
2023-06-14,237.304980138628,1650.15449649328,25097.5853796026
2023-06-15,235.879959675459,1663.84364611338,25559.1433293396
2023-06-16,239.13303089062,1716.62002104033,26331.8200943892
2023-06-17,244.602396487161,1727.57647136178,26514.1713495032
2023-06-18,243.936932279226,1720.11903828171,26353.962682934
2023-06-19,242.77221790667,1734.98348451198,26778.0634415547
2023-06-20,246.909941236251,1789.79935710111,28305.4204573349
2023-06-21,249.734108636168,1894.31125803624,30099.5153509643
2023-06-22,240.984354014303,1874.36079076563,29952.5112866745
2023-06-23,244.257210746226,1891.57702922268,30638.3537644652
2023-06-24,236.579640092311,1876.10660052601,30549.0162872589
2023-06-25,238.757369576433,1899.80092402104,30467.4403705435
2023-06-26,236.065220245958,1857.5683351841,30255.8861241964
2023-06-27,237.361927383144,1888.94404208065,30667.0762948568
2023-06-28,230.733307765138,1829.66858649912,30104.0432717709
2023-06-29,233.298927412687,1853.17543687902,30460.792978083
2023-06-30,240.489598027981,1934.61751548802,30484.503257744
2023-07-01,247.292396377411,1923.13508825248,30581.6889655172
2023-07-02,246.002388644198,1935.59753769725,30594.2164736996
2023-07-03,246.020635817349,1954.20382291058,31135.3575993571
2023-07-04,242.591415194677,1938.38063091759,30799.9474558738
2023-07-05,239.095935740778,1912.14585213325,30497.8221282876
2023-07-06,232.535318850065,1854.37547632963,29979.7298094681
2023-07-07,235.485497490548,1869.3275622443,30329.8829786674
2023-07-08,236.098722320078,1864.05657831677,30263.6196341321
2023-07-09,234.077793529182,1862.63280011689,30163.2210563998
2023-07-10,245.254275282685,1880.33877177089,30394.6555806546
2023-07-11,248.40648403598,1878.36697545295,30616.247094097
2023-07-12,243.980309600467,1871.59052337814,30385.6087852133
2023-07-13,255.624207932963,2002.01825043834,31434.7354704851
2023-07-14,247.752390837615,1935.13725511397,30310.6720204559
2023-07-15,251.1356051748,1930.71778521333,30290.8905958504
2023-07-16,243.016989790877,1924.54624693162,30249.7729658095
2023-07-17,244.155672023606,1912.2863798948,30143.7462744009
2023-07-18,240.082671367682,1897.39907071888,29835.7474076563
2023-07-19,241.170490127164,1889.51615166569,29913.0294646406
2023-07-20,242.709591915145,1891.97682437171,29805.6065707189
2023-07-21,243.671950294443,1892.11009234366,29919.6934921099
2023-07-22,240.704965803283,1861.28420485096,29726.0096271186
2023-07-23,242.403983883842,1887.97183430742,30066.5724482759
2023-07-24,238.891125410226,1849.92425336061,29178.3597042665
2023-07-25,237.739470046497,1857.55349269433,29221.2548533022
2023-07-26,238.864418558031,1871.16815838691,29361.5917580362
2023-07-27,240.365195477673,1859.04174693162,29201.6865175336
2023-07-28,241.931725186244,1875.01526972531,29316.3130751023
2023-07-29,242.479726009884,1881.00276534191,29360.376179135
2023-07-30,242.473996779063,1861.50678521333,29262.8367337814
2023-07-31,241.175962510811,1856.18514465225,29219.8201887785
2023-08-01,247.054660134447,1866.98985067212,29499.5875385739
2023-08-02,240.534117473092,1838.2950862069,29143.1519620105
2023-08-03,241.114309596719,1835.91625482174,29192.3448617767
2023-08-04,241.316343276721,1826.2735829924,29057.2532437171
2023-08-05,242.916647158727,1835.38041437756,29053.0956975453
2023-08-06,242.689535874631,1826.94227440093,29048.0433275862
2023-08-07,241.656656717423,1825.86593308007,29164.3585873758
2023-08-08,245.096521619063,1856.70175043834,29779.511383986
2023-08-09,243.913671180272,1855.32526271186,29582.9442375804
2023-08-10,241.18972176846,1850.89056019871,29430.1599117475
2023-08-11,239.505151665328,1846.58541788428,29399.784739626
2023-08-12,240.205799455623,1848.60640794857,29415.733902104
2023-08-13,240.039426631084,1838.95695002922,29286.1176110462
2023-08-14,240.274986246627,1843.84205055523,29408.9717127411
2023-08-15,236.730293697,1827.12240327294,29167.59721654
2023-08-16,231.75546267572,1806.94174839275,28754.2924079486
2023-08-17,219.213989057698,1688.89880537697,26660.5627264757
2023-08-18,216.008266115511,1660.65438603156,26037.3658474576
2023-08-19,216.929814560525,1668.86229748685,26093.981808007
2023-08-20,216.476501442103,1683.56179661017,26176.4721642315
2023-08-21,210.750527451068,1667.28708883694,26128.9050160725
2023-08-22,210.699223177074,1631.88740853302,25978.2096914085
2023-08-23,216.412900668565,1678.89443424898,26452.1935882525
2023-08-24,218.167931692662,1656.64010169491,26126.7943331385
2023-08-25,218.156177652381,1652.96844623027,26040.881255114
2023-08-26,216.249369304197,1645.92842226768,26006.1740800701
2023-08-27,218.21874053761,1656.75394593805,26086.3612594974
2023-08-28,218.676692032746,1652.81391934541,26103.2765730567
2023-08-29,226.642171498863,1726.95467679719,27672.2221306254
2023-08-30,223.743102910073,1705.04314114553,27298.997779661
2023-08-31,216.429942398292,1645.67690531853,25954.8665935126
2023-09-01,213.470609659177,1628.75344476914,25802.7885298071
2023-09-02,214.313826752612,1636.88336528346,25868.2960976037
2023-09-03,214.292622549028,1635.56472647575,25962.5475689655
2023-09-04,215.002804286796,1627.41772355348,25799.5256870251
2023-09-05,214.459880970599,1632.72254324956,25782.3622200468
2023-09-06,215.060688479225,1632.395921391,25754.7902676797
2023-09-07,216.730706425632,1646.08132933957,26210.6045637054
2023-09-08,214.523426019449,1636.38499357101,25904.6982127411
2023-09-09,214.192766124306,1634.67623524255,25894.6205976037
2023-09-10,212.3156426523,1617.41718790181,25831.4647802455
2023-09-11,205.850516054639,1549.35964874342,25135.0393781414
2023-09-12,211.295018173544,1594.0094345412,25859.7018068381
2023-09-13,212.574799172487,1607.7192194623,26226.8667524839
2023-09-14,212.408690205812,1627.52328755114,26556.056943308
2023-09-15,214.347413372189,1643.92288106371,26672.6160818235
2023-09-16,214.881352870038,1634.72032933957,26555.6361031561
2023-09-17,216.326058497632,1620.58054354179,26502.4321189363
2023-09-18,215.97497816444,1637.64761016949,26764.6319064874
2023-09-19,217.174362163839,1643.48128784337,27215.0504848042
2023-09-20,214.139681206951,1622.66867942724,27133.4037235535
2023-09-21,210.737670081908,1584.68828667446,26571.5952919345
2023-09-22,211.102975533496,1593.62554763296,26581.1476116306
2023-09-23,210.399397529253,1592.93375365284,26575.776386616
2023-09-24,208.303608240796,1581.2407817066,26286.6410488019
2023-09-25,209.881573356303,1587.55197077732,26288.8095005845
2023-09-26,212.199459587313,1592.03694038574,26194.5378880772
2023-09-27,211.808788749927,1596.47206604325,26336.0825973115
2023-09-28,215.152401734734,1652.89402893045,27033.4254415546
2023-09-29,215.166856699041,1667.55800642899,26911.2514739918
2023-09-30,214.696528980734,1671.13527235535,26977.6933126826
2023-10-01,217.946176803562,1731.54860958504,27950.1453594389
2023-10-02,214.728110019259,1663.19262887201,27565.8892954413
2023-10-03,213.465093685135,1656.90272647575,27439.1422393337
2023-10-04,213.490315669694,1648.97039859731,27797.251176505
2023-10-05,210.743226478754,1613.01122939801,27426.3450926359
2023-10-06,213.474031619755,1645.72665341905,27941.9633760959
2023-10-07,212.323236241701,1635.14589070719,27972.7515704266
2023-10-08,211.441316780065,1632.99003798948,27936.3261157218
2023-10-09,205.607068130471,1579.55456808884,27591.3467618352
2023-10-10,208.593046303172,1568.32793717125,27419.7971803039
2023-10-11,206.399019439457,1565.31241496201,26828.1725710111
2023-10-12,205.152072478567,1538.10105201636,26741.3405990649
2023-10-13,205.916843084607,1550.26081034483,26842.4467703098
2023-10-14,206.568659983842,1555.66229076563,26861.9892375804
2023-10-15,209.663555154697,1556.29597632963,27130.3067092344
2023-10-16,214.896554178999,1600.99388457043,28506.7936741671
2023-10-17,211.561897544784,1565.29439362946,28433.2051522501
2023-10-18,210.51889968193,1563.40930859147,28328.0750195792
2023-10-19,210.927903179787,1566.42841876096,28690.358041204
2023-10-20,212.427630725648,1605.57386294565,29704.9853673291
2023-10-21,214.28809349463,1628.75319929866,29922.5464044418
2023-10-22,217.638721759802,1663.03004091175,29984.1593196961
2023-10-23,228.049558058776,1763.06074313267,32954.1690482174
2023-10-24,225.435773933218,1784.6231823495,33880.9566537113
2023-10-25,222.130078975396,1786.28815692577,34488.6589210988
2023-10-26,223.252418145249,1804.61282933957,34181.4922521917
2023-10-27,224.427143957332,1780.84673845704,33896.938528346
2023-10-28,225.631967197043,1776.20995675044,34091.5890327294
2023-10-29,227.270141007036,1797.71945149036,34574.3377206312
2023-10-30,228.226036477907,1809.38564757452,34495.1050207481
2023-10-31,226.291768940955,1813.54269783752,34636.4264736996
2023-11-01,227.686636501889,1846.08104295733,35431.9794532437
2023-11-02,231.404254634795,1799.2211244886,34882.9173366452
2023-11-03,230.474114847085,1832.61355727645,34708.2218804792
2023-11-04,237.676141920247,1859.52932407949,35091.0763062537
2023-11-05,244.575619277864,1896.54958766803,35105.0420265926
2023-11-06,253.790251125498,1898.86499298656,35017.7151484512
2023-11-07,246.210801619543,1886.19089158387,35418.4768901227
2023-11-08,247.167739203676,1892.6552150789,35797.8946090006
2023-11-09,250.340548248971,2115.80718468732,36675.3264333723
2023-11-10,251.288635846293,2080.74105844535,37367.4943722969
2023-11-11,251.052250564466,2046.32508503799,36979.9312405026
2023-11-12,247.481649839354,2044.94616014027,37053.3410514319
2023-11-13,241.541829868587,2062.53573699591,36543.2680870836
2023-11-14,242.409398502557,1982.44437434249,35590.6835645821
2023-11-15,253.174527996973,2056.27591466978,37840.5534894798
2023-11-16,242.323990817974,1959.63886236119,36160.4044509059
2023-11-17,244.563270001045,1958.85209994155,36569.7120534775
2023-11-18,244.802946117355,1962.39401081239,36577.4249617183
2023-11-19,246.590557452219,2009.78161805961,37442.7285119813
2023-11-20,254.101545168359,2024.27034190532,37516.0503708358
2023-11-21,227.357302075444,1945.5181244886,36035.0330862069
2023-11-22,235.98253607534,2064.39985739334,37403.0347168323
2023-11-23,233.690038645096,2063.22440122735,37311.7192156634
2023-11-24,232.743864699394,2079.30062361192,37718.7841630625
2023-11-25,234.059959948651,2084.53667621274,37800.1260932203
2023-11-26,232.048873469449,2065.37363062537,37482.7055260082
2023-11-27,227.330954104956,2027.24106779661,37229.2452197545
2023-11-28,229.694641122355,2049.73816247808,37828.4655911748
2023-11-29,227.323118320966,2028.84542109877,37846.8531227352
2023-11-30,227.650553364241,2051.0453308007,37712.7114789597
2023-12-01,228.449874985503,2086.10865020456,38703.5536820573
2023-12-02,229.224894741032,2164.74958825248,39462.2799272355
2023-12-03,228.023265605888,2193.55490765634,39978.2226104617
2023-12-04,232.87482620909,2238.0204748685,41910.2994815897
2023-12-05,231.156443232468,2291.50846785506,44067.0054763296
2023-12-06,229.759012300181,2231.62348100526,43745.8343907072
2023-12-07,232.761599316047,2354.39729836353,43282.6182261835
2023-12-08,238.940417530822,2359.29733576856,44205.0522089421
2023-12-09,237.878325982255,2341.9603766803,43740.0063927528
2023-12-10,239.547078598343,2351.04702162478,43732.7120900059
2023-12-11,245.78100942813,2221.86452425482,41209.8947904734
2023-12-12,255.37547436741,2201.24024839275,41467.2735698422
2023-12-13,252.539219922366,2260.86859175921,42939.0607583285
2023-12-14,253.646326029336,2319.55548042081,43033.1371560491
2023-12-15,244.603795812731,2221.4636277031,41978.0970195792
2023-12-16,244.093297128451,2224.69860870836,42203.2140450029
2023-12-17,239.300529129204,2200.06795558153,41428.6657855056
2023-12-18,240.992715971377,2215.89467299825,42635.7331911163
2023-12-19,252.273781632703,2176.07665926359,42271.863025716
2023-12-20,260.00954659152,2195.89209263589,43605.1555549386
2023-12-21,270.949256001795,2237.71803623612,43870.2382340736
2023-12-22,271.692907960825,2326.30142402104,44009.5016551724
2023-12-23,271.434558465075,2311.02396814728,43768.8067518995
2023-12-24,264.805369614402,2268.21977440094,43097.8093258329
2023-12-25,267.140728038958,2274.25886966686,43623.7504029807
2023-12-26,296.704325920852,2229.44579982466,42491.1229079486
2023-12-27,321.744648368465,2378.56683167738,43436.9594269433
2023-12-28,324.178371674797,2351.43687638808,42670.6797180012
2023-12-29,312.676005282328,2295.94371127995,41998.6033442431
2023-12-30,317.118592672435,2293.75403945061,42204.4917744009
2023-12-31,311.99128379874,2279.07572355348,42217.1587913501
2024-01-01,314.356641071169,2347.43826125073,44049.4735534775
2024-01-02,311.855661960006,2357.63096084161,44941.160493571
2024-01-03,315.763481097225,2207.34334979544,42773.6515423729
2024-01-04,323.096074747652,2272.18009088253,44250.7452670953
2024-01-05,317.502448647726,2267.64338778492,44146.3222022209
2024-01-06,307.041492171747,2238.93393980129,43917.9798147282
2024-01-07,302.015578831274,2218.46866306254,43844.195949737
2024-01-08,304.747272099104,2332.30309205143,46981.3242995324
2024-01-09,300.941961139562,2339.66153652835,46084.005795149
2024-01-10,306.127481498696,2590.84570981882,46818.1592764465
2024-01-11,308.474992673241,2618.69897837522,46380.8708082992
2024-01-12,296.51137371157,2519.14196843951,42817.4305356517
2024-01-13,302.454394558502,2580.01773290473,42846.9544699006
2024-01-14,300.727142794154,2479.10104091175,41888.1513068381
2024-01-15,317.387914563717,2512.73806808884,42528.9192489772
2024-01-16,315.40815533687,2590.58586411455,43171.4472241379
2024-01-17,309.050869390585,2524.52326651081,42689.304327294
2024-01-18,313.471777302646,2466.73101315021,41261.9076177674
2024-01-19,313.841376396374,2490.05942811222,41606.8535330216
2024-01-20,316.480203254832,2469.73605902981,41668.6904102864
2024-01-21,318.553617785509,2454.59006867329,41537.1123562244
2024-01-22,305.331635130376,2312.20573436587,39577.0998603156
2024-01-23,298.039586002169,2238.99027849211,39737.3143617767
2024-01-24,293.301178333518,2233.65031472823,40101.8568980129
2024-01-25,291.846040219713,2218.09818790181,39917.6611461134
2024-01-26,301.935450959159,2266.88314348334,41860.7310458796
2024-01-27,305.779545808701,2266.63358649912,42125.3014155465
2024-01-28,304.655588532683,2255.09584307423,41983.0202744009
2024-01-29,310.373563532762,2314.929449737,43218.3470821157
2024-01-30,307.682330404853,2348.3221987142,42950.0541277031
2024-01-31,300.293682923471,2284.19509848042,42589.4708059614
2024-02-01,299.739289022805,2300.17150613676,43020.3596548802
2024-02-02,301.060455589356,2306.20428988895,43155.3852030976
2024-02-03,299.742188251445,2294.85958562244,42982.3789979544
2024-02-04,304.677491167493,2287.55248538866,42576.2913050847
2024-02-05,300.642105563604,2296.7951823495,42619.2742738165
2024-02-06,302.869241747334,2374.23775832846,43102.7062632963
2024-02-07,307.782338014905,2424.69836703682,44253.0314731151
2024-02-08,319.421116017087,2421.88923232028,45332.09157218
2024-02-09,323.672440941311,2490.79084073641,47176.9665137347
2024-02-10,323.13786850746,2500.52634102864,47792.8972156634
2024-02-11,320.590807791947,2504.4711899474,48200.7986057861
2024-02-12,327.792999220333,2654.8437238457,49989.80371654
2024-02-13,324.821980530901,2638.38654091175,49628.0941528346
2024-02-14,334.094607150376,2779.39197662186,51844.2929193454
2024-02-15,354.597423528785,2825.4183603156,51939.1472919345
2024-02-16,360.522695589975,2802.71410578609,52157.3123977206
2024-02-17,352.864802750168,2786.64820397429,51674.8158521333
2024-02-18,350.613750094735,2877.23226680304,52148.0645365283
2024-02-19,352.15664618445,2948.52049386324,51804.8051537113
2024-02-20,355.393580115177,3014.12615604909,52308.0531712449
2024-02-21,377.70105204297,2965.02309906487,51744.321808007
2024-02-22,381.977885476745,2972.48551987142,51292.3252574518
2024-02-23,375.227989300979,2923.20721975453,50789.1431759205
2024-02-24,381.983123093671,2990.13751957919,51578.2349164231
2024-02-25,388.690040576209,3111.73178638223,51746.4789669784
2024-02-26,401.622418509106,3175.87239129164,54551.8259184687
2024-02-27,395.489858148014,3244.34883255406,57049.888220339
2024-02-28,415.58614095665,3376.60128696669,62460.740619813
2024-02-29,400.128392562529,3350.23638281707,61394.7818515488
2024-03-01,407.837137702655,3438.18769988311,62524.401817066
2024-03-02,410.751415987993,3420.33950701344,62049.6145637054
2024-03-03,414.361512416043,3482.48343074226,62991.4422913501
2024-03-04,419.118551625627,3630.73033343074,68091.8388243717
2024-03-05,395.325378600472,3552.95023524255,63950.524329924
2024-03-06,428.812734866953,3820.764292519,66103.7215400351
2024-03-07,474.388881541657,3868.68848305085,67070.3791484512
2024-03-08,484.874608878876,3895.41697779077,68343.7149552893
2024-03-09,489.801311886055,3914.19767445938,68502.5053392753
2024-03-10,527.198952896463,3872.30338077148,68882.2513395675
2024-03-11,522.781761961135,4072.90353009936,72198.0875341905
2024-03-12,538.208422091115,3971.09591408533,71432.7283018702
2024-03-13,625.328072527378,4004.5978722969,73081.5759053185
2024-03-14,604.235812128593,3882.89582524839,71505.2729076563
2024-03-15,621.656440856666,3736.92063383986,69424.9141753361
2024-03-16,575.940938132607,3519.47903243717,65433.6819006429
2024-03-17,569.233326439892,3638.45260432496,68285.0891691993
2024-03-18,555.377245830233,3529.94917767387,67770.8865245471
2024-03-19,506.46807750901,3165.8325338983,61969.3075394506
2024-03-20,557.074915269232,3519.0726811806,67848.1076396844
2024-03-21,553.037629018089,3489.54293863238,65454.7357232612
2024-03-22,548.811901671438,3316.85662302747,63486.4849997078
2024-03-23,554.857287261072,3354.71804412624,64361.2429047341
2024-03-24,568.967474292732,3455.31273378142,67289.5658310929
2024-03-25,587.499157747807,3595.95377440094,70042.0204237288
2024-03-26,580.550785274218,3593.26549181765,70071.0472144945
2024-03-27,574.001905678476,3498.33240648743,69267.8879815897
2024-03-28,584.024130203731,3566.1563798948,70826.8968714202
2024-03-29,615.733156539077,3516.30310140269,69917.0430070134
2024-03-30,601.513435590668,3506.18175686733,69663.0119073641
2024-03-31,606.494149275264,3644.72632057276,71227.4517939801
2024-04-01,578.154175151585,3510.49059088252,69791.6277305669
2024-04-02,552.573922117783,3283.00576212741,65533.7548351841
2024-04-03,563.473323908132,3317.26652045587,66130.2162393337
2024-04-04,584.948577853234,3327.80180274693,68438.135024547
2024-04-05,579.52792326697,3323.68147399182,67904.9094766219
2024-04-06,587.100831836471,3368.21936294565,69136.0710783168
2024-04-07,584.002116638928,3447.5169082408,69392.6830108124
2024-04-08,587.622430799345,3700.18461426067,71712.7972840444
2024-04-09,580.463374369236,3499.24437755699,69074.5418638223
2024-04-10,609.211371282982,3541.31580829924,70579.4456767972
2024-04-11,604.978776719864,3504.10413237873,70046.5536057861
2024-04-12,594.76486405024,3234.93164260666,67098.113691993
2024-04-13,558.639955778368,3030.38006370544,64551.6482875512
2024-04-14,568.394860477298,3158.85037901812,65648.8099602572
2024-04-15,552.857923815629,3103.08803565167,63393.325166277
2024-04-16,538.160614136544,3088.46737171245,63784.8203340152
2024-04-17,535.045986949287,2984.85811309176,61324.2184286967
2024-04-18,551.663292364689,3067.80594067797,63510.14500263
2024-04-19,554.85384278119,3055.9694956166,63762.6310300994
2024-04-20,571.027948473517,3155.52894243133,64907.9928366452
2024-04-21,579.395502887102,3147.65961542957,64968.192619813
2024-04-22,605.301700584815,3205.79751431911,66944.5960911748
2024-04-23,606.687759637159,3217.77177995324,66385.3002919345
2024-04-24,607.586505900676,3133.02161046172,64189.9679064874
2024-04-25,614.088830030634,3158.31867445938,64515.3874725307
2024-04-26,597.893628818226,3129.83962390415,63777.4715002922
2024-04-27,595.606404465702,3253.06380333138,63429.3099649328
2024-04-28,599.302340988929,3262.86946580947,62978.5770049678
2024-04-29,594.236275954438,3220.45092109877,63908.3888766803
2024-04-30,577.941431188413,3012.4375447107,60636.3261633548
2024-05-01,560.661415469848,2970.35463997662,58141.7772799532
2024-05-02,560.882306848894,2988.55618001169,59170.1088936295
2024-05-03,587.485286608556,3107.4065829924,62983.6554783752
2024-05-04,586.063074561848,3116.85577060199,63881.1305429573
2024-05-05,591.9142187003,3138.82202250146,64067.5959918177
2024-05-06,588.572485063579,3067.52578550555,63228.1031341321
2024-05-07,578.228066827274,3014.6582182934,62396.999720339
2024-05-08,587.530425772139,2970.40599883109,61079.27442782
2024-05-09,595.804019107887,3034.47790239626,62998.4903381064
2024-05-10,585.968433626183,2910.85627527762,60896.6418880772
2024-05-11,592.116911842055,2911.31118176505,60843.5729240211
2024-05-12,593.9642708558,2930.52381063705,61431.2746879018
2024-05-13,591.951507449144,2948.49537142022,62886.9394491526
2024-05-14,566.142725815049,2881.04924284044,61555.5670046756
2024-05-15,582.667378894323,3028.85788924606,66281.5322542373
2024-05-16,569.053091870654,2941.34486236119,65269.2603246639
2024-05-17,580.804146584463,3092.48875365283,66956.4409476914
2024-05-18,579.76531536214,3122.58925452952,66977.6006914085
2024-05-19,574.487721613792,3070.15583752192,66259.4704260666
2024-05-20,599.696820794012,3661.91130683811,71202.2025902981
2024-05-21,618.777394947002,3796.88597720631,70217.2546914085
2024-05-22,614.067630100808,3740.96768877849,69074.9141350088
2024-05-23,597.315531284724,3766.94141028638,67758.7306586791
2024-05-24,600.659404429438,3728.02142022209,68608.998279661
2024-05-25,602.071346873788,3748.06725365284,69282.7925976037
2024-05-26,599.759085774227,3824.52689099942,68445.0069532437
2024-05-27,603.024163532117,3887.71309000584,69347.815260374
2024-05-28,601.361236742794,3844.94370251315,68342.8204488603
2024-05-29,595.452613310642,3769.94606195208,67584.2632402104
2024-05-30,595.050708543931,3747.58575832846,68375.4760260082
2024-05-31,593.260814475901,3755.48389596727,67377.7626122151
2024-06-01,600.721498214457,3813.36246522501,67714.3526399766
2024-06-02,603.130626659167,3781.31107510228,67805.4855742256
2024-06-03,627.031542533197,3767.48563822326,68833.3028351841
2024-06-04,684.203051082885,3812.18925131502,70554.0894330801
2024-06-05,698.223089494417,3863.33180479252,71087.4433158971
2024-06-06,710.120691386023,3811.85764231444,70788.5013755114
2024-06-07,683.111291304174,3679.91953915839,69338.1573240795
2024-06-08,682.497007894472,3680.01974547049,69310.1092618352
2024-06-09,673.201461081441,3705.6370295149,69644.0190894214
2024-06-10,622.757149864651,3666.16929456458,69465.9362478083
2024-06-11,601.831800775456,3497.70045324372,67368.263506429
2024-06-12,618.813086084662,3560.79752922268,68213.8346838106
2024-06-13,599.447035071879,3470.07002191701,66783.4902767388
2024-06-14,602.800595844001,3479.90397691409,65982.1865195792
2024-06-15,608.169769119697,3567.76231297487,66204.904308007
2024-06-16,610.137935705399,3619.69397223846,66622.5999336645
2024-06-17,604.479741287701,3509.52888807715,66483.8785260082
2024-06-18,587.917486349179,3477.65919520748,65112.1230020456
2024-06-19,598.212676910581,3557.56530420807,64878.7141525424
2024-06-20,586.855031672593,3512.66682817066,64897.7011542957
2024-06-21,586.07058657621,3518.29662799532,64086.0489228521
2024-06-22,590.45863868704,3496.20113588545,64258.135506429
2024-06-23,577.184759936964,3419.96013325541,63345.0218760959
2024-06-24,566.575937620943,3347.67256312098,60258.9554374635
2024-06-25,577.244225781314,3392.701764173,61739.6658477498
2024-06-26,572.22362753578,3368.95722998247,60794.4760584454
2024-06-27,580.247094682338,3443.80289129164,61569.9234275278
2024-06-28,566.490654549968,3372.74825394506,60303.3147364115
2024-06-29,569.141095390096,3373.51496990064,60889.3298430742
2024-06-30,582.155605042323,3437.88873202805,62763.2796861485
2024-07-01,576.669657550589,3437.63577878434,62835.3997647575
2024-07-02,579.082888237682,3418.16105698422,62028.6170385739
2024-07-03,556.740282783111,3294.66166656926,60216.3920859147
2024-07-04,516.045361577616,3080.69562215079,57418.2420213326
2024-07-05,498.338191836935,2986.23631122151,56720.9881256575
2024-07-06,528.302312615352,3067.92395236704,58259.221773232
2024-07-07,491.807529058946,2932.87202893045,56112.5725587376
2024-07-08,510.692148008101,3020.46501139684,56691.9149061952
2024-07-09,516.345836989361,3064.17542840444,57981.4320967271
2024-07-10,524.231115436717,3101.14742080655,57722.0113527177
2024-07-11,524.478260379274,3096.83160753945,57307.712738457
2024-07-12,533.396277953847,3130.37477936879,57859.1202819988
2024-07-13,533.045147040239,3181.85794126242,59329.0372016365
2024-07-14,545.959794346665,3256.67111513735,61015.0339412624
2024-07-15,585.537365160033,3487.98836323787,64734.7611697837
2024-07-16,576.420186524114,3446.72606838106,65118.8266583869
2024-07-17,569.275238747008,3394.09970572764,64201.3707805377
2024-07-18,572.271143538438,3431.12034132087,63984.3022022209
2024-07-19,593.736082391571,3507.49268585623,66755.7833828171
2024-07-20,593.740071448584,3520.56696551724,67185.4978112215
2024-07-21,601.547126475591,3530.48212887201,68056.6201215663
2024-07-22,590.175790403937,3441.93899883109,67535.1976738749
2024-07-23,582.240613323947,3482.72823085915,65916.4081616014
2024-07-24,573.274787830986,3331.71999532437,65353.3857784921
2024-07-25,571.100110573023,3173.71819579193,65722.0611917007
2024-07-26,581.323191724961,3278.93203009936,67912.2433091759
2024-07-27,582.394425994274,3254.27405669199,68077.3730812391
2024-07-28,584.180936490828,3270.68860987726,68170.6691309176
2024-07-29,575.056634053594,3323.15159877265,66867.167277031
2024-07-30,585.692028717039,3276.18640619521,66186.9146861484
2024-07-31,576.689465874518,3231.75860724722,64690.6340385739
2024-08-01,574.551902750434,3203.2800251315,65178.0554891876
2024-08-02,542.937761397675,2985.00033752192,61506.7698877849
2024-08-03,529.358933288578,2904.77563267095,60688.2444272355
2024-08-04,498.293538506055,2698.46006575102,58306.2644786675
2024-08-05,467.069421251382,2434.27117241379,54343.6276773816
2024-08-06,484.817756711115,2458.63231122151,56047.4712866744
2024-08-07,475.046225820041,2346.30540765634,55129.7410376973
2024-08-08,517.972786865808,2686.68575102279,61908.7896724138
2024-08-09,508.399105865279,2592.96081472823,60720.9407594974
2024-08-10,523.326428883934,2606.88256078317,60871.5550727645
2024-08-11,504.287091803941,2559.00334541204,58836.1043722969
2024-08-12,518.912265814338,2728.85513383986,59394.1629538282
2024-08-13,523.609494068294,2702.50437317358,60536.2457846289
2024-08-14,524.255662568663,2666.7787238457,58840.6466797195
2024-08-15,520.29872285143,2573.75496990064,57644.1876879018
2024-08-16,519.926358597817,2594.49798275862,58927.2765087668
2024-08-17,542.188891982597,2612.18551811806,59414.6743351841
2024-08-18,532.945196383348,2624.79728404442,58793.2061458212
2024-08-19,559.606638039301,2631.95879164231,59411.5190169492
2024-08-20,571.590879709029,2578.04840677966,59123.3002662186
2024-08-21,569.383759290449,2628.34121654003,61133.0256493279
2024-08-22,584.171601122518,2623.24894301578,60394.4737749854
2024-08-23,592.65050433137,2766.0674465225,64106.8029152543
2024-08-24,580.094106267792,2762.00674167154,64023.226703682
2024-08-25,575.542591360458,2758.14644067797,64498.0183413209
2024-08-26,549.446671562779,2686.35025511397,62983.4427729398
2024-08-27,534.350845712663,2461.3474126242,59548.0076215663
2024-08-28,537.185310468199,2529.46513705435,59100.7747548217
2024-08-29,536.613762522091,2527.16763500877,59339.7909947399
2024-08-30,535.396294730619,2526.79224634717,59142.9399640561
2024-08-31,532.622301256847,2513.39798889538,58959.926273232
2024-09-01,511.934702751587,2425.94320368206,57349.0807180012
2024-09-02,526.556019765334,2538.60750350672,59159.0238877849
2024-09-03,520.30592419401,2439.80527352425,57637.7754444769
2024-09-04,508.789398331778,2452.92774605494,58033.3989704851
2024-09-05,501.834415463032,2367.16648305085,56112.9529400935
2024-09-06,486.285744189178,2220.58200146113,53838.9534623028
2024-09-07,492.525900421795,2269.68727060199,54066.4399248977
2024-09-08,503.388648242765,2300.06839947399,54859.2584082408
2024-09-09,519.40541003732,2362.04203156049,57135.7814371712
2024-09-10,518.121528915141,2389.51632524839,57664.4998214494
2024-09-11,530.054600282586,2342.307735827,57409.1950663355
2024-09-12,543.643208885565,2362.33115809468,58124.6418065459
2024-09-13,556.956363542482,2442.77219959088,60536.8814503215
2024-09-14,553.540935008025,2417.18522063121,60007.1702507306
2024-09-15,554.253318437224,2319.29052425482,59129.9197536528
2024-09-16,533.660730277327,2295.19158971362,58227.46421654
2024-09-17,545.341161847354,2337.065764173,60238.2177255991
2024-09-18,558.177034932348,2358.79472209234,61306.2337317358
2024-09-19,565.830287751258,2468.43390606955,62994.6096528346
2024-09-20,568.173143251859,2554.7331440678,63153.9518270018
2024-09-21,589.345316103708,2604.74345555231,63367.7296078317
2024-09-22,587.684299925484,2581.10804656926,63571.9521729983
2024-09-23,604.71359638415,2647.93771518995,63336.0126347165
2024-09-24,606.998562727674,2655.48809611338,64342.7891113384
2024-09-25,586.212915105259,2574.79220370544,63059.6269167154
2024-09-26,595.759225769816,2629.70874305085,65057.7861461134
2024-09-27,608.133447221162,2698.19885336645,65767.7132542373
2024-09-28,600.634535486099,2674.69768520748,65770.5276478667
2024-09-29,596.067257018055,2656.30026287259,65617.7610689655
2024-09-30,567.412318287019,2596.25469104617,63260.0425482174
2024-10-01,547.95592038544,2449.82723258913,60858.2487086499
2024-10-02,542.925068145466,2368.07953022209,60686.0993135593
2024-10-03,544.335912540026,2349.50757675044,60765.2367498539
2024-10-04,555.264419206283,2415.12854195208,62052.5100496785
2024-10-05,562.780580677714,2414.33166548802,62030.4538977206
2024-10-06,570.142605297144,2438.50270520748,62789.8814555815
2024-10-07,566.255190255271,2426.58129005845,62416.508829924
2024-10-08,580.26484807595,2439.58985277615,62126.3273769725
2024-10-09,570.21061605272,2367.17415046172,60615.2581917008
2024-10-10,562.096167559227,2382.12349206897,60221.1172869667
2024-10-11,573.088785882156,2437.69309236119,62462.539962595
2024-10-12,576.588462859851,2478.24114976622,63202.8806992987
2024-10-13,571.310759093333,2465.13859485681,62759.431113384
2024-10-14,589.154541054846,2630.9286433197,66089.7587410871
2024-10-15,593.518775597633,2600.52300350088,66933.974833723
2024-10-16,601.155804840711,2611.98719444185,67662.9534038574
2024-10-17,591.88399964719,2603.24426974869,67337.9075482174
2024-10-18,599.608186392382,2641.44743767972,68390.5375625365
2024-10-19,597.882951298306,2649.70135015196,68357.8982963179
2024-10-20,605.43102370807,2746.1167819813,69012.3532089421
2024-10-21,599.181889240232,2667.32642119229,67440.4625058445
2024-10-22,593.55291542428,2623.28308167154,67425.7553211572
2024-10-23,584.310966601758,2521.68281196376,66647.2866642315
2024-10-24,593.664017131469,2532.13962009936,68130.9948369374
2024-10-25,571.304699221401,2415.20924174167,66261.5376861485
2024-10-26,582.78696207931,2480.57950252484,67023.3399611338
2024-10-27,588.968483287669,2508.49473361192,68000.1475008767
2024-10-28,600.398730383067,2566.18526073057,69862.5205470485
2024-10-29,605.409294413599,2635.21967112799,72678.7866201052
2024-10-30,596.521270612891,2660.86723967855,72450.2843819404
2024-10-31,576.398197616661,2517.78620227937,70367.0819576271
2024-11-01,572.633784000674,2512.4960977031,69483.5830303916
2024-11-02,567.580637105058,2488.87335008767,69241.6794865576
2024-11-03,557.517790418672,2454.59679184687,68742.7546227352
2024-11-04,552.013608949409,2396.6696369024,67779.0969795441
2024-11-05,564.759560678915,2428.97334286967,69538.0241729982
2024-11-06,592.230760762597,2722.98460712741,75696.0366192285
2024-11-07,598.162606247424,2891.87561452952,75972.2955546464
2024-11-08,597.537901111893,2960.26662137931,76507.4474012273
2024-11-09,625.06466293405,3139.9864959322,76799.2527469316
2024-11-10,628.006142025419,3187.53665137931,80409.2865666277
2024-11-11,653.272018397811,3370.23970491526,88859.998448568
2024-11-12,628.079375577929,3255.13258195208,88048.7488877849
2024-11-13,620.515272195135,3190.90423042081,90369.3819693162
2024-11-14,620.843345604545,3056.41021270018,87204.2569827586
2024-11-15,619.179166798432,3097.45939781999,91139.0844427236
2024-11-16,622.404859830145,3134.3861396201,90567.6957568673
2024-11-17,617.098558659801,3070.19103244594,89732.9704292811
2024-11-18,616.825328820688,3188.88800258329,90587.6965534775
2024-11-19,616.075231114932,3111.79278153127,92254.1385800701
2024-11-20,607.395877653933,3073.4292378609,94160.0406858562
2024-11-21,623.349599296082,3365.32873022794,98545.5688798948
2024-11-22,632.380493837899,3325.37564151958,98938.3495450029
2024-11-23,651.511162782162,3397.37147417884,97707.0484590883
2024-11-24,661.191749283234,3363.87790965517,97980.2082819988
2024-11-25,637.140205617494,3429.90259469608,93343.0290745178
2024-11-26,613.202646935605,3324.46444980713,91875.5699593805
2024-11-27,645.12999959967,3669.22970552893,95989.0802273524
2024-11-28,654.759255152788,3584.20799540035,95737.9402822911
2024-11-29,653.861941365534,3595.61403426067,97398.9417399182
2024-11-30,655.006546285557,3713.2009461017,96463.6248980129
2024-12-01,656.959493075733,3716.08112306254,97469.6044529515
2024-12-02,645.962654555183,3637.08652127411,95726.4417258913
2024-12-03,738.514951277177,3623.91165189363,96010.8774228521
2024-12-04,736.277485138067,3844.66120870544,98920.2528255406
2024-12-05,717.898192066976,3794.68684265926,96949.6644117475
2024-12-06,732.117485774681,4013.46741083577,99953.1056580947
2024-12-07,751.378856226839,4006.19300609585,99977.7002282291
2024-12-08,741.955640566286,4001.64654687317,100798.98356429
2024-12-09,687.805819916755,3714.17625189363,97390.1988597311
2024-12-10,677.471793737999,3632.35232690824,96835.5017387493
2024-12-11,711.54390114416,3836.84683938632,101310.201899766
2024-12-12,705.445529090648,3877.04927477499,100090.890479544
2024-12-13,726.180055322583,3905.45213670953,101289.823976914
2024-12-14,715.66333127404,3868.60262611338,101366.87166803
2024-12-15,720.323717939197,3947.67114785506,104551.367141146
2024-12-16,720.391001832166,3995.17742504968,105855.672229982
2024-12-17,717.00794651991,3877.73844905319,106115.910582992
2024-12-18,688.834695039633,3636.53763153127,100469.770656926
2024-12-19,668.369014075483,3429.8707307481,97697.045779661
2024-12-20,678.164463639756,3471.52409931619,97617.4422051432
2024-12-21,661.456879791884,3328.83602427236,97093.0190832846
2024-12-22,648.899294830396,3278.34651976037,95149.1058252484
2024-12-23,692.903609558756,3422.51642397428,94800.7562060199
2024-12-24,696.720647422533,3494.74814554646,98637.7330543542
2024-12-25,701.82409034878,3490.75329557276,99235.3678869082
2024-12-26,687.265037249405,3325.23435792519,95628.3030902981
2024-12-27,689.84167665094,3322.09507143191,94219.9821461134
2024-12-28,720.834994169637,3397.09541658095,95123.5811098773
2024-12-29,693.155980211104,3346.92836869959,93457.5783202806
2024-12-30,702.183990019219,3355.46704853302,92523.163085038
2024-12-31,699.834467918772,3332.45484545295,93389.7326016949
2025-01-01,706.24709213317,3350.89031195207,94455.7965718878
2025-01-02,705.469636351102,3447.58794734074,96851.393682934
2025-01-03,713.268846436593,3606.25034468732,98120.6846759205
2025-01-04,713.784932577293,3657.79189278784,98230.0478571011
2025-01-05,709.252585947731,3638.22340260082,98414.8120964348
2025-01-06,731.629244847028,3683.0759798422,102179.560366745
2025-01-07,696.572606221473,3382.56745979544,96974.9957857978
2025-01-08,696.122018718468,3325.54302042957,95039.2809210988
2025-01-09,685.454604325964,3217.33715208065,92346.1691589714
2025-01-10,693.594453787918,3269.77400255991,94759.1196358854
2025-01-11,697.026182340089,3286.37892827002,94606.5080099357
2025-01-12,692.240421186367,3258.17217992402,94353.7752586207
2025-01-13,687.484839917833,3133.13948922852,94375.7299102864
2025-01-14,698.777462164731,3226.57956712449,96569.475726768
2025-01-15,713.997265774634,3441.04207023963,100172.405985096
2025-01-16,708.532851291488,3303.13442745763,99977.7298234951
2025-01-17,721.717937771614,3478.9034330976,104296.588034191
2025-01-18,708.817204251181,3303.37311349503,104398.156261251
2025-01-19,681.349235294341,3204.0508971128,100954.572281999
2025-01-20,682.824170315808,3285.42927070719,102588.998699006
2025-01-21,691.613035438275,3322.64100092051,105987.888705435
2025-01-22,694.902783708664,3239.67506596143,103791.128861485
2025-01-23,690.431259811619,3335.84164436002,104184.616743717
2025-01-24,679.798920495414,3310.42760140269,104716.12488194
2025-01-25,686.917129333039,3323.46523758036,104866.085348919
2025-01-26,666.265889487624,3241.02101870251,102833.369273232
2025-01-27,679.035952494773,3170.49577498539,101907.44629661
2025-01-28,661.010825360469,3070.75965838691,101138.144066043
2025-01-29,669.196688267025,3123.69937434249,103918.795458796
2025-01-30,678.383731323886,3255.85057013442,104987.446410871
2025-01-31,677.048488976464,3292.62381677382,102263.043670953
2025-02-01,653.475707138127,3119.95137697253,100610.290439801
2025-02-02,613.754865045898,2844.25948714202,97424.7809000584
2025-02-03,616.733448027806,2877.57988457043,101582.408702221
2025-02-04,571.489970574547,2723.61294798364,97848.1497592051
2025-02-05,568.871285321478,2780.85938369375,96559.3327562829
2025-02-06,573.176296428713,2685.1318766803,96541.3006811806
2025-02-07,577.359490007918,2612.95292606663,96384.1109836353
2025-02-08,615.011786515787,2637.15946142607,96603.318157218
2025-02-09,615.388028000871,2623.44384395091,96309.7532405026
2025-02-10,617.372220241808,2658.91628872005,97375.2253535944
2025-02-11,643.789471847731,2603.96649620105,95806.2580385739
2025-02-12,698.552368444786,2738.64540035067,97756.4976548802
2025-02-13,669.711765153963,2674.91159789597,96534.7406332554
2025-02-14,656.799485934182,2725.08277761543,97414.3589821742
2025-02-15,662.233765176273,2694.22497194623,97583.2431767972
2025-02-16,676.046205265884,2662.06831794272,96182.2661706604
2025-02-17,667.328469158893,2743.38311601403,95790.5109985389
2025-02-18,646.686721731008,2667.12430099357,95444.031886616
2025-02-19,651.962476185254,2718.18351461134,96647.9132977791
2025-02-20,657.713765010078,2740.71687375804,98392.2197247224
2025-02-21,646.214811276821,2655.73961426067,96048.9937247224
2025-02-22,669.098626824876,2766.35815897136,96605.7091057861
2025-02-23,657.337030651534,2821.85990298071,96091.6329774985
2025-02-24,615.425106820949,2519.49570543542,91869.6543430742
2025-02-25,624.202381077187,2499.3732150789,88769.7356265342
2025-02-26,611.283615762083,2330.42813296318,83987.89564173
2025-02-27,604.790338460817,2298.49650789012,84625.4191364699
2025-02-28,586.695933988243,2229.92881355932,84243.7779114553
2025-03-01,606.935306665846,2208.95361747516,85844.3685628288
2025-03-02,623.357304208983,2519.34991642314,94328.0094444769
2025-03-03,576.55620505761,2153.5997773232,86315.9305511397
2025-03-04,583.145226976601,2170.0642106955,87323.690650789
2025-03-05,598.076506934905,2241.06894506137,90619.4090976038
2025-03-06,597.107002429623,2206.33553331385,90222.0693275862
2025-03-07,592.731861091657,2134.73876709527,86553.5921937464
2025-03-08,593.421320468072,2199.74715371128,86171.2789362946
2025-03-09,554.36041594944,2015.69220105202,80647.7964108709
2025-03-10,533.383143807512,1879.69313354763,79005.9601291642
2025-03-11,552.153577630294,1923.01249590883,82747.1601917008
2025-03-12,569.863111555133,1906.5185295149,83630.1581101695
2025-03-13,578.459110748059,1863.52630742256,81110.2890490941
2025-03-14,587.937012962161,1914.70355201636,84105.8335517241
2025-03-15,618.422290705078,1939.64274050263,84352.8773018703
2025-03-16,600.74980299482,1884.69832144945,82492.1028287551
2025-03-17,629.492765140556,1927.87450613676,84013.947518118
2025-03-18,627.796870346639,1930.50927673875,82680.8065514319
2025-03-19,619.35960496267,2056.96594564582,86774.23507218
2025-03-20,629.694708221684,1978.2045458796,84124.9712878434
2025-03-21,635.098171185134,1966.1050710111,84069.4081800117
2025-03-22,626.12742309513,1978.73242548217,83821.220305377
2025-03-23,622.42759977266,1997.88425306838,85760.8814506137
2025-03-24,635.913759173804,2073.91071683226,87322.5718568089
2025-03-25,629.687394855847,2065.10749736996,87422.8426084161
2025-03-26,617.148661134514,2005.4321364699,86836.6760955582
2025-03-27,637.486296206424,2003.37026212741,87211.3240169492
2025-03-28,619.00672599396,1896.0268603156,84309.0783550555
2025-03-29,602.393920808274,1823.59882349503,82497.1792472238
2025-03-30,600.710890661584,1802.80018965517,82216.4666765049
2025-03-31,604.946081963439,1823.44348568089,82461.4496279953
2025-04-01,610.872921967644,1908.28501987142,85226.7137936879
2025-04-02,589.805676867369,1795.48936616014,82555.631296318
2025-04-03,591.59222916499,1813.54323436587,82931.697399474
2025-04-04,597.228761627894,1812.99751081239,83774.1797375804
2025-04-05,592.658551000659,1802.97516072472,83302.1715756867
2025-04-06,552.254636578815,1569.10020689655,77949.0884926943
2025-04-07,555.506475478795,1560.23826212741,79421.8044105786
2025-04-08,553.206949855434,1471.09076125073,76351.4295303916
2025-04-09,582.445685057384,1662.90904646406,82720.6034891876
2025-04-10,577.003128288139,1522.26864669784,79558.9558252484
2025-04-11,586.152169738543,1565.57072150789,83359.8995157802
2025-04-12,596.951520775124,1646.45040736411,85269.2495119813
2025-04-13,583.608802341831,1593.3115698422,83568.9544360023
2025-04-14,584.81731754477,1623.4533766803,84589.0324135009
2025-04-15,579.910717626482,1590.80377936879,83671.3439713618
2025-04-16,583.065157504289,1577.76214319112,84151.5357562829
2025-04-17,590.237296040212,1584.56991437756,84940.5838538866
2025-04-18,591.970093572147,1589.17527673875,84434.7727463472
2025-04-19,592.199349259023,1614.76228082992,85124.721496201
2025-04-20,592.820829475596,1585.28322150789,85101.7461545879
2025-04-21,596.964533111981,1576.97164465225,87360.7198933372
2025-04-22,617.092510329017,1758.00477177089,93495.6106890707
2025-04-23,606.505153599137,1797.82488836937,93695.7404772063
2025-04-24,601.653105206503,1769.47740765634,93849.8817790766
2025-04-25,600.159179475103,1789.56658474576,94771.4128007014
2025-04-26,607.361298022989,1820.05065546464,94694.5111014027
2025-04-27,603.742649258437,1793.40027907656,93812.876534775
2025-04-28,606.202538638755,1799.8924050263,95066.0211867329
2025-04-29,600.023887915959,1792.9466081239,94102.8403024547
2025-04-30,599.903816694589,1795.28281034483,94236.7325143191
2025-05-01,599.49637240438,1838.20588340152,96411.7422635885
2025-05-02,601.441946880014,1841.31197457627,96842.1021057861
2025-05-03,599.305671450942,1835.43869257744,95943.61135301
2025-05-04,585.883114856269,1809.26886206897,94377.7899196376
2025-05-05,598.190065776087,1822.42831151373,94853.7298594389
2025-05-06,602.32215352884,1814.22681735827,96677.9245029223
2025-05-07,603.08544711397,1814.5519094097,97137.3757086499
2025-05-08,627.184308653737,2193.0712805377,103069.539295733
2025-05-09,664.032070970363,2342.20799707773,102940.802949445
2025-05-10,662.033615033506,2584.61239742841,104582.821806254
2025-05-11,650.85849662156,2507.64435710111,103976.137798948
2025-05-12,661.034892192478,2493.58635534775,102920.074689071
2025-05-13,665.668167333248,2676.5017402104,104145.711825248
2025-05-14,651.796254252004,2603.05951344243,103572.719642022
2025-05-15,650.216773707956,2540.68613383986,103716.283947399
2025-05-16,646.945978749882,2546.7049465225,103566.269191116
2025-05-17,639.70920590082,2474.61027878434,103190.041364991
2025-05-18,648.725832355284,2465.93426212741,106015.689848919
2025-05-19,650.259941761651,2526.45705727645,105615.828960257
2025-05-20,651.069394713334,2525.32290794857,106893.330247516
2025-05-21,674.664474576317,2557.99176563413,109704.855619521
2025-05-22,686.181674619002,2657.42359701929,111477.014787843
2025-05-23,656.638193176366,2521.84042402104,107291.888969901
2025-05-24,668.044645433181,2529.64885359439,107917.328289304
2025-05-25,670.080379965566,2546.99536732905,108914.876558445
2025-05-26,673.856946012202,2561.92804529515,109371.985172122
2025-05-27,687.444879800625,2661.42436703682,109066.345636762
2025-05-28,687.326403838527,2677.11812273524,107895.402399474
2025-05-29,675.48699028286,2633.37122910579,105732.957892168
2025-05-30,655.592877256875,2525.27963413209,103981.302957919
2025-05-31,658.61155676673,2532.55873436587,104708.964150205
2025-06-01,661.556153690376,2539.24056341321,105750.15972443
2025-06-02,666.190352582236,2608.39263530099,105899.696926651
2025-06-03,661.614731255486,2595.07908591467,105483.98555114
2025-06-04,663.810638291619,2609.93374517826,104782.844900351
2025-06-05,634.297201161969,2421.2568220339,101669.190496785
2025-06-06,643.468756060254,2479.93381531268,104421.051549094
2025-06-07,651.378796601884,2527.09892109877,105685.250402104
2025-06-08,652.408999136107,2509.56872501461,105727.739632379
2025-06-09,665.446817142788,2676.70837200468,110198.15871391
2025-06-10,673.30162296741,2806.2143766803,110074.119081824
2025-06-11,667.530941180518,2774.56475336061,108645.785558153
2025-06-12,656.325644556391,2652.93859585038,105998.985830801
2025-06-13,655.126081286109,2578.02224722385,106024.822087376
2025-06-14,645.62850915087,2533.09064056108,105467.108742256
2025-06-15,648.059848468062,2546.5897761543,105512.797437756
2025-06-16,652.872449775917,2565.02230391584,107243.933345997
2025-06-17,648.432441136239,2513.40039538282,104628.396527469
2025-06-18,644.638009132255,2522.49356750438,104813.367028638
2025-06-19,644.666137364371,2523.04524547049,104709.720767095
2025-06-20,641.23860483038,2403.17304178843,103274.958839567
2025-06-21,627.165399563505,2266.03854500292,101548.196381648
2025-06-22,616.155259864992,2227.35017475161,100899.234151958
2025-06-23,640.835328658818,2421.45208328463,105496.947495324
2025-06-24,643.296425236625,2443.16771186441,105964.065136762
2025-06-25,645.809999410911,2417.98607714787,107305.065199591
2025-06-26,642.437802190861,2415.25481852718,107012.822824079
2025-06-27,646.145942107937,2422.03759585038,107090.95905114
2025-06-28,648.934834260445,2438.21842022209,107357.617171245
2025-06-29,655.018722023886,2503.22452016365,108360.901696376
2025-06-30,657.163446057308,2488.96316364699,107153.101135885
2025-07-01,645.960729670231,2400.70451081239,105566.356597896
2025-07-02,660.360900163598,2579.95848860316,108927.13451841
2025-07-03,663.274698208386,2590.32040794857,109632.159126826
2025-07-04,653.707680770816,2510.08707305669,108081.395758621
2025-07-05,656.207081229774,2518.45863588545,108244.788813852
2025-07-06,662.951932731394,2569.75132524839,109180.005545587
2025-07-07,660.884702461314,2542.78128462887,108249.401004091
2025-07-08,660.62569380876,2615.43112594974,108956.631703098
2025-07-09,669.592558138913,2775.83493658679,111416.806720047
2025-07-10,685.363163812063,2950.43276446523,115873.903783752
2025-07-11,689.773724971169,2958.64228667446,117618.605087084
2025-07-12,685.667917235097,2940.39548918761,117382.372540912
2025-07-13,691.711835875656,2969.63940093513,118899.737107832
2025-07-14,689.884795875734,3011.78428755114,119871.096197838
2025-07-15,690.99488328611,3132.8656157218,117710.89100789
2025-07-16,708.477799633467,3366.30753506721,118730.187791642
2025-07-17,722.807980644412,3489.39637258913,119501.663770894
2025-07-18,728.92552087346,3542.33909877265,117958.511213033
2025-07-19,732.964578182587,3592.11291057861,117908.52473232
2025-07-20,757.37675503127,3755.06715341905,117305.680953828
2025-07-21,765.852794828788,3765.90390122735,117432.435634717
2025-07-22,785.608468559637,3745.90083635301,120068.00578872
2025-07-23,776.303737754887,3629.55279777908,118650.587165693
2025-07-24,771.867736240707,3709.50907597896,118377.081936879
2025-07-25,784.59736860068,3722.55895032145,117520.17335038
2025-07-26,794.391734242808,3743.35857714787,117983.204598773
2025-07-27,843.198883318915,3863.5014880187,119438.164235535
2025-07-28,823.469722475033,3790.9041452367,118022.637320281
2025-07-29,805.662833284884,3790.87183372297,117871.370895383
2025-07-30,792.531928208092,3800.85833167738,117732.643660725
2025-07-31,785.349207888375,3701.44796201052,115848.339985096
2025-08-01,755.638686246578,3482.30238223261,113282.144336061
2025-08-02,735.548553615454,3393.52058854471,112545.673659264
2025-08-03,752.335333128972,3504.17049064874,114263.693947691
2025-08-04,768.760562302701,3719.13207539451,115199.933659264
2025-08-05,755.131593673559,3614.08048129749,114111.36101841
2025-08-06,769.570294333686,3682.01792606663,115034.678748977
2025-08-07,786.890329341982,3904.2433635301,117444.913924313
2025-08-08,793.995542443149,4016.25586236119,116740.687720923
2025-08-09,799.138316000373,4261.9204345412,116511.655739375
2025-08-10,804.622434701275,4248.71364552893,119189.198160275
2025-08-11,806.331728377235,4227.64236762127,118742.043048644
2025-08-12,834.271771576801,4599.41391846873,120154.32493507
2025-08-13,849.126459136449,4760.82676241964,123442.67982225
2025-08-14,841.617532629078,4560.76501022794,118510.27128083
2025-08-15,827.308181695941,4429.98655289304,117311.209947715
2025-08-16,837.82021798969,4422.6705862069,117462.42684623
2025-08-17,857.266626527498,4487.70970368206,117601.952231888
2025-08-18,849.578171193584,4321.5258842782,116312.914397989
2025-08-19,826.701785395836,4093.51478141438,112886.10147543
2025-08-20,871.119859330573,4337.65589713618,114277.320860316
2025-08-21,839.232675785087,4222.5846157218,112347.102298302
2025-08-22,898.775953529606,4831.10497749854,116800.977035073
2025-08-23,880.940820068769,4778.36752483928,115280.444723834
2025-08-24,876.912870979546,4787.25375745178,113516.122474401
2025-08-25,839.798588166632,4377.50717007598,110089.533314144
2025-08-26,864.70385424688,4601.96733810637,111895.295495307
2025-08-27,856.438843182403,4507.0350163647,111252.307236061
2025-08-28,874.80858764052,4504.04511922852,112481.152904109
2025-08-29,862.596284229964,4366.7936899474,108473.330441642
2025-08-30,862.669847563115,4372.10783167738,108746.150824851
2025-08-31,858.505740392662,4396.614606955,108316.44689481
2025-09-01,845.497219463967,4300.58149415546,108992.324614863
2025-09-02,851.764811907618,4322.33563062536,111140.947159836
2025-09-03,855.073438042418,4455.87243804793,111780.743587376
2025-09-04,845.760243710059,4316.90264465225,110900.633412981
2025-09-05,850.02753819959,4308.76928550555,110711.229484804
2025-09-06,861.758637201404,4277.15637317358,110243.650741672
2025-09-07,880.964014385832,4316.10284774985,111307.784421087
2025-09-08,878.487216855304,4305.11846668615,112112.311575102
2025-09-09,879.835377609335,4309.73367562829,111486.396779836
2025-09-10,893.761024326864,4348.6037805377,113930.748423437
2025-09-11,902.285929074468,4461.97569111631,115445.812932648
2025-09-12,924.875628806065,4702.87913120982,116149.174031958
2025-09-13,933.63881768749,4666.35363763881,115965.627551268
2025-09-14,927.317099062029,4609.893685564,115395.933423437
2025-09-15,919.486927357817,4524.12146668615,115420.931814144
2025-09-16,955.418537830646,4506.83149269433,116798.867050906
2025-09-17,989.245221024374,4595.04608036236,116575.777628866
2025-09-18,982.334165563661,4586.33670105202,117014.426762174
2025-09-19,982.138517150236,4463.60009351257,115612.372541695
2025-09-20,1041.91193815252,4483.94747428404,115753.165960549
2025-09-21,1048.52484657369,4452.53198918761,115320.858829047
2025-09-22,993.076526250106,4204.59655523086,112727.70773813
2025-09-23,1016.21782682615,4170.44418088837,112052.393282022
2025-09-24,1017.73270921379,4153.13078725891,113324.623592192
2025-09-25,945.352999193466,3875.37859468147,109166.347974874
2025-09-26,959.416584132511,4031.71004850964,109669.102166861
2025-09-27,969.104782843544,4020.11526504968,109644.73069287
2025-09-28,991.997083138057,4136.4756811806,112170.00778609
2025-09-29,1031.25080859524,4220.42131589714,114341.141435418
2025-09-30,1007.43168470426,4141.04144243132,113971.742796902
2025-10-01,1025.47274170053,4338.2852434249,118393.270386324
2025-10-02,1090.89987616855,4478.61686469901,120558.594007013
2025-10-03,1184.82001368894,4519.82290414962,122348.127640269
2025-10-04,1149.54866300743,4488.74868907072,122379.744317651
2025-10-05,1163.88582735102,4518.09387872589,123523.768313852
2025-10-06,1222.29188535227,4695.78451022794,124824.453666861
2025-10-07,1310.23335728639,4464.01253302163,121587.699236704
2025-10-08,1303.24336827041,4529.19221332554,123390.353094682
2025-10-09,1254.84407981369,4368.90794301578,121603.33278609
2025-10-10,1117.608350751,3867.07758883694,113754.852328171
2025-10-11,1140.42632828566,3749.88979456458,110940.113648159
2025-10-12,1299.42111852986,4147.5814956166,115152.917045003
2025-10-13,1294.56811929427,4249.54676563413,115332.252929573
2025-10-14,1215.93348649755,4135.18015604909,113327.079410286
2025-10-15,1162.4603103717,3984.26746230275,110862.872485389
2025-10-16,1148.08026125288,3890.10663062536,108135.049605786
2025-10-17,1073.30821880073,3838.55720222092,106625.668651373
2025-10-18,1092.97918066135,3888.66811747516,107143.913935126
2025-10-19,1111.18964546084,3988.23975043834,108706.663763881
2025-10-20,1100.73313717544,3982.14718614845,110640.249515488
2025-10-21,1060.09866056514,3881.40200701344,108700.382071888
2025-10-22,1070.66181557978,3799.0574094097,107667.630188486
2025-10-23,1125.14502906717,3856.09569199299,110060.936797195
2025-10-24,1108.7698948935,3932.93122939801,111024.94314699
2025-10-25,1116.4844715224,3955.02062916423,111614.535857686
2025-10-26,1139.15811078637,4166.26219111631,114557.100460549
2025-10-27,1138.76447830982,4118.91474137931,114087.773805085
2025-10-28,1103.55772388179,3984.36764699006,112980.685846289
2025-10-29,1107.87320817781,3902.84432378726,110206.347983051
2025-10-30,1074.63292214265,3791.08245061368,108019.723841905
2025-10-31,1089.05239400059,3851.14513091759,109554.239627703
2025-11-01,1094.47712000624,3871.69728784337,110005.295855348
2025-11-02,1082.41789433532,3892.96733927528,110389.168627119
2025-11-03,990.642103139648,3595.6841440678,106495.802789889
2025-11-04,936.651296973223,3282.72106575102,101349.73723232
2025-11-05,959.251070853027,3428.01642314436,103915.88479135
2025-11-06,947.500916776451,3303.66692986558,101241.573677966
2025-11-07,989.85008618802,3438.0656233197,103428.471746932
2025-11-08,991.138962599822,3405.3028012858,102335.021439217
2025-11-09,996.01165998777,3576.40794155465,104685.54544097
2025-11-10,993.24093121157,3570.58905815313,106082.478156926
2025-11-11,960.064500325169,3419.72296464056,102974.405611631
2025-11-12,953.454353283264,3410.5313264173,101682.126652835
2025-11-13,928.180809594006,3247.69008825248,100035.310145237
2025-11-14,916.115552866484,3112.32678550555,94502.5476025716
2025-11-15,933.11101055671,3169.92543483343,95541.3158389831
2025-11-16,926.272127662887,3090.50758416131,94182.3130996493
2025-11-17,905.170425765317,3018.11872559906,91911.4713471654
2025-11-18,932.585155924046,3117.43951928697,92836.4419111631
2025-11-19,894.556526371564,3015.43288310929,91320.4811332554
2025-11-20,869.948752817076,2844.77433810637,86911.2980590298
2025-11-21,828.454191514369,2757.03679748685,84948.0463205727
2025-11-22,834.188215443307,2772.12619257744,84775.0015452952
2025-11-23,844.828392388124,2802.26699941555,86872.4546630625
2025-11-24,864.909675768147,2958.66075715956,88377.6024421391
2025-11-25,863.632426566055,2962.53465195792,87434.550610754
2025-11-26,891.744309060385,3024.35795704267,90449.2770675044
2025-11-27,895.036521317618,3015.04006516657,91336.2000452952
2025-11-28,888.196540463238,3035.43157714787,90990.1266104617
2025-11-29,873.778554655182,2991.32805610754,90842.0738243717
2025-11-30,880.405501567759,3002.61025482174,90607.7021513735
2025-12-01,828.792954228768,2804.79124167154,86504.6368156049
2025-12-02,878.053360087341,3003.37940648743,91528.0245809468
2025-12-03,920.240098734866,3189.75251227352,93609.0938658679
2025-12-04,900.866256527373,3136.48043804793,92205.5929544126
2025-12-05,883.047950967143,3021.45198480421,89279.8344634717
2025-12-06,890.447708273991,3036.21572150789,89169.5570610754
2025-12-07,892.178599857712,3048.0956233197,90067.847399474
2025-12-08,898.42015641743,3125.14534073641,90673.1444436003
2025-12-09,900.193141279418,3325.93575745178,92808.8518477498
2025-12-10,896.061777831385,3329.80832583285,92102.9300917592
2025-12-11,886.154042051963,3237.47843424898,92623.7198708358
2025-12-12,882.04018728704,3087.7986767972,90331.6083091759
2025-12-13,896.565536723459,3114.86668527177,90245.267264173
2025-12-14,876.849194360809,3060.69585388662,88096.3826142607
2025-12-15,857.445110539194,2962.21389070719,86352.5802565751
2025-12-16,873.775024438603,2958.2751081239,87752.4290336061
2025-12-17,842.031322068743,2826.68701724138,86059.5522241379
2025-12-18,829.125651950012,2826.57452688486,85434.1928673291
2025-12-19,855.611686255987,2980.4724704851,88168.0738325541
2025-12-20,852.763529647401,2975.45867592051,88292.4536373466
2025-12-21,857.443785346057,3000.9371943308,88533.4309830508
2025-12-22,857.631546321119,3004.76614056108,88474.4622331969
2025-12-23,843.290696944566,2963.25538310929,87365.9937872589
2025-12-24,846.564431728692,2946.73151811806,87625.6707895967
2025-12-25,831.138785417982,2905.2144006429,87231.3047685564
2025-12-26,834.091617717424,2926.08538047925,87334.8077808299
2025-12-27,843.388465514259,2942.30547574518,87695.4159076564
2025-12-28,858.038102341625,2946.08468264173,87747.6491548802
2025-12-29,851.485047788897,2933.90624196376,87133.5103991818
2025-12-30,860.798478317724,2969.19949064874,88428.4922735243
2025-12-31,863.406482936881,2968.12801431911,87516.9780376972
2026-01-01,862.929763161791,3000.88881268264,88684.2178474576
2026-01-02,881.730123120652,3124.26197691409,89940.1801671537
2026-01-03,878.652320589668,3125.24571244886,90598.1301832262
2026-01-04,894.158976207235,3140.1174465225,91359.7636823495
2026-01-05,911.330863385859,3229.65402805377,93948.5821794272
2026-01-06,917.743058713317,3291.03787784921,93574.2871122151
2026-01-07,898.835960232777,3163.42844097019,91208.9562606663
2026-01-08,892.491407101662,3109.10774547049,91096.9161554647
2026-01-09,895.915658569021,3085.00326271186,90539.6032288136
2026-01-10,905.509259430922,3082.05532378726,90406.1424114553
2026-01-11,902.088810092133,3112.54671624781,90717.2063153127
2026-01-12,905.190536138852,3091.07288398597,91141.1498489188
2026-01-13,943.275072650587,3322.29855201637,95304.4982942724
2026-01-14,948.600701005968,3356.49862828755,97043.9927258913
2026-01-15,930.895406788129,3314.54089479836,95546.1397381648
2026-01-16,937.67049215101,3295.41368351841,95489.1299602572
2026-01-17,946.950255422734,3306.92532524839,95106.980462595
2026-01-18,938.210251060855,3301.93096201052,94261.3294313267
2026-01-19,922.882448337569,3185.10260227937,92526.2419643483
2026-01-20,885.100744683585,2937.81746171829,88236.5631922852
2026-01-21,884.408893921086,2991.97558971362,89599.361874927
2026-01-22,886.444102706827,2947.89295207481,89395.700735827
2026-01-23,890.325874965461,2951.59461922852,89439.7718909994
2026-01-24,886.10659878579,2950.6620654588,89185.0386990064
2026-01-25,863.524323333651,2806.82564319112,86445.6705926359
2026-01-26,878.710744750989,2930.17946756283,88337.4545511397
2026-01-27,898.508131280101,3022.82405873758,89260.3805397429
2026-01-28,901.36723993983,3008.43984979544,89177.7892507306
2026-01-29,866.741800176866,2818.53491466978,84520.3973106371
2026-01-30,856.761173279837,2699.6404661017,84017.0340292227
2026-01-31,780.07769734328,2444.24318264173,78702.38550263
2026-02-01,757.970941415766,2270.22719140853,76911.0523772648
2026-02-02,774.57554074131,2345.61446464056,78716.6018088837
2026-02-03,755.267552025271,2231.42898305085,75684.7660277616
2026-02-04,697.522879956189,2147.39338924605,73095.1914646406
2026-02-05,612.282220501509,1850.0371659848,63494.6884456458
2026-02-06,659.00647503469,2064.07685622443,70647.6982188778
2026-02-07,646.622041099045,2086.30893687902,69166.2594424313
2026-02-08,640.723145925779,2093.81263588545,70522.5892393337
2026-02-09,636.925214857223,2107.02768497954,70244.1017773232
2026-02-10,619.179773218093,2017.25694389246,68688.793113384
2026-02-11,606.663577376391,1940.05835008767,66989.7165920514
2026-02-12,613.442637395466,1944.85649064874,66221.5443115137
2026-02-13,618.891439396274,2048.51233459965,68860.8411633548
2026-02-14,632.707593614702,2086.63942548217,69798.0791253653
2026-02-15,613.674123207559,1960.28208912916,68629.9599760374
2026-02-16,626.39546419235,1996.39197632963,68747.4380286383
2026-02-17,617.037120875677,1992.43069666861,67471.0508465809
2026-02-18,604.297102879483,1951.87398100526,66380.7069611339
2026-02-19,607.013775698196,1947.86147194623,66932.3522118644
2026-02-20,625.558693209598,1967.10513237873,67977.3092612507
2026-02-21,625.773864004381,1974.53984687317,68020.6677612507
2026-02-22,614.222147974492,1952.79213763881,67550.0240768556
2026-02-23,596.778733874568,1856.81448451198,64689.9123308007
2026-02-24,584.436107169666,1855.42052542373,64123.7510780245
2026-02-25,628.871716738792,2057.28647662186,68038.5221794272
2026-02-26,625.886014872145,2028.46234950321,67519.2645292227
2026-02-27,613.731771052248,1929.70612916423,65864.1358170661
2026-02-28,616.85524536279,1963.48860958504,66965.6353091759
2026-03-01,618.995708025253,1938.46658766803,65733.5212597896
2026-03-02,637.985797074282,2033.1883918761,68922.6242974869
2026-03-03,634.039308024269,1987.20545324372,68431.1740306838
2026-03-04,658.150951284292,2127.57280157803,72667.4630575687
2026-03-05,648.244932441357,2076.63328696669,70987.427176505
2026-03-06,627.768949225009,1982.56379865576,68226.7053927528
2026-03-07,620.266500066956,1970.38521595558,67315.5529135009
2026-03-08,613.142084424699,1942.91124810053,66202.6978731736
2026-03-09,635.111855977051,1997.0082761543,68528.5384699007
2026-03-10,641.967296359729,2034.95413851549,69891.8238576856
2026-03-11,651.730885481981,2055.76802717709,70298.5753530099
2026-03-12,652.739430003701,2078.93747136178,70538.1074623027
2026-03-13,655.696143477423,2092.09332115722,70930.0132793688
2026-03-14,657.389298827054,2096.33251081239,71136.2179199299
2026-03-15,673.886636767322,2177.81211718293,72712.1461957919
2026-03-16,679.157105680171,2351.36226241964,74723.9575534775
2026-03-17,669.751000173451,2323.31525803624,74086.013609585
2026-03-18,651.974579681877,2200.48282583285,71253.9579275278
2026-03-19,639.310098435382,2138.02135242548,69948.9048267095
2026-03-20,642.11187734558,2146.58037960257,70510.4196797194
2026-03-21,637.439991485792,2124.59659760374,69707.285009059
2026-03-22,627.608073195493,2058.15253477499,68018.1534815897
2026-03-23,637.796707134997,2148.12646025716,70726.2110461718
2026-03-24,638.49472532388,2157.06026037405,70610.0187121566
2026-03-25,647.360545187079,2168.53179485681,71281.2973921683
2026-03-26,628.444472994293,2059.03193045003,68722.9718366452
2026-03-27,612.052123924699,1988.89868147282,66214.1715134424
2026-03-28,611.018392534628,1994.39515926359,66351.0725251315
2026-03-29,605.466269327092,1982.87323611923,65966.7523939217
2026-03-30,608.183088508864,2022.78023845704,66651.2320037989
2026-03-31,616.543091837817,2101.43189275278,68214.8680388662
2026-04-01,610.732146150336,2140.8786440678,68116.8167933957
2026-04-02,583.181680307053,2056.41651402689,66908.3179918177
2026-04-03,587.772657461438,2051.62035242548,66891.7422279369
2026-04-04,593.240436951372,2064.24038983051,67295.1309137931
2026-04-05,601.771696709157,2110.88525014611,68921.8060911748
2026-04-06,599.517746054992,2101.85518877849,68742.9133085915
2026-04-07,621.443085474662,2247.90510198714,72057.1243614845
2026-04-08,601.323875676149,2188.63042168323,71085.0583702513
2026-04-09,603.21011774963,2190.25052630041,71788.6797825833
2026-04-10,606.148142266746,2244.5331244886,72945.0707241379
2026-04-11,607.763699390581,2286.84805523086,73119.1091168907
2026-04-12,591.900686661622,2190.14021800117,70685.3697019287
2026-04-13,615.915613870123,2373.1848176505,74632.7455856224
2026-04-14,614.323447098768,2323.2110119813,74173.5083603156
2026-04-15,622.530771807246,2356.77637346581,74761.964654588
2026-04-16,635.626899573324,2349.62938018702,75095.7442159556
2026-04-17,643.203857755886,2422.26582729398,77114.481438048
2026-04-18,630.707632499606,2353.92359760374,75792.0637510228
2026-04-19,616.827428310195,2265.85590707189,73905.2041016949
2026-04-20,628.959904539204,2313.76751227352,75814.1453237873
2026-04-21,631.066334865498,2323.70637346581,76107.4432977791
2026-04-22,638.375164328236,2381.7532030976,78317.7422720631
2026-04-23,638.505498551738,2330.50318468732,78233.6837492694
2026-04-24,636.574191325089,2315.61822472238,77444.269277031
2026-04-25,629.041699559625,2319.27642343659,77624.7114821742
2026-04-26,635.73030206746,2368.8221779661,78538.7733573933
2026-04-27,626.097753995049,2297.93676651081,77256.297159848
2026-04-28,623.914169372168,2287.49049327878,76295.531117183
2026-04-29,617.303655035872,2254.10393863238,75795.0098530099
2026-04-30,614.976193476457,2256.61539976622,76299.6161285798
