time,rolling_corr_30d
2022-05-31,0.8939164099583206
2022-06-01,0.899016757804692
2022-06-02,0.8990925569731822
2022-06-03,0.8967603635137648
2022-06-04,0.8934498889733186
2022-06-05,0.8928443779034623
2022-06-06,0.8824630180303681
2022-06-07,0.88272113908018
2022-06-08,0.8710143650835217
2022-06-09,0.8665472928035686
2022-06-10,0.8265545197719188
2022-06-11,0.8594685279056167
2022-06-12,0.8837130034175612
2022-06-13,0.9256129437021904
2022-06-14,0.9238801826411255
2022-06-15,0.9195088315520896
2022-06-16,0.9295994612959896
2022-06-17,0.9278874146799906
2022-06-18,0.9259010388967176
2022-06-19,0.9350021199364655
2022-06-20,0.9376620716588727
2022-06-21,0.9364857480073047
2022-06-22,0.9340673288975464
2022-06-23,0.9437786273149598
2022-06-24,0.9469123602984527
2022-06-25,0.9445074754774451
2022-06-26,0.9458987900724953
2022-06-27,0.9453384304657085
2022-06-28,0.947455973562839
2022-06-29,0.9474689649055917
2022-06-30,0.9463780194223939
2022-07-01,0.9475810909676844
2022-07-02,0.9496547856950149
2022-07-03,0.9504133729761708
2022-07-04,0.952950566986215
2022-07-05,0.9539273459721185
2022-07-06,0.9635915705291375
2022-07-07,0.9607594478564452
2022-07-08,0.9606870475539232
2022-07-09,0.9601806856506117
2022-07-10,0.9702086751848099
2022-07-11,0.9691749632992255
2022-07-12,0.9676084160454946
2022-07-13,0.9545019288889227
2022-07-14,0.9530597192886162
2022-07-15,0.9545737954000492
2022-07-16,0.9408993381938474
2022-07-17,0.9446219609952117
2022-07-18,0.9418737769937633
2022-07-19,0.9195877114450309
2022-07-20,0.9052969083005801
2022-07-21,0.9082153301212468
2022-07-22,0.9104998382055182
2022-07-23,0.9022776833406521
2022-07-24,0.896517662129719
2022-07-25,0.911417628965724
2022-07-26,0.9061199094969165
2022-07-27,0.9217176960618643
2022-07-28,0.919645465476248
2022-07-29,0.866770100273716
2022-07-30,0.8676412774074409
2022-07-31,0.867996607574311
2022-08-01,0.864327276164494
2022-08-02,0.8643589211345236
2022-08-03,0.8184821157776644
2022-08-04,0.7928093117174947
2022-08-05,0.7778631795935153
2022-08-06,0.7796460915094747
2022-08-07,0.7734960658244948
2022-08-08,0.7654460217949607
2022-08-09,0.7510911551139454
2022-08-10,0.7066885314577293
2022-08-11,0.6862464372580838
2022-08-12,0.676471865484527
2022-08-13,0.6644278121345948
2022-08-14,0.6778199831623246
2022-08-15,0.657425674025393
2022-08-16,0.6590439407676894
2022-08-17,0.6173849432320503
2022-08-18,0.6173868438558443
2022-08-19,0.6945942645076859
2022-08-20,0.6784739162860126
2022-08-21,0.6663530341874785
2022-08-22,0.672400420931588
2022-08-23,0.6620810029593324
2022-08-24,0.614110051733068
2022-08-25,0.6159501558328265
2022-08-26,0.6072913361847735
2022-08-27,0.5964794134757448
2022-08-28,0.614861959017216
2022-08-29,0.6293931351526277
2022-08-30,0.6312272581740503
2022-08-31,0.6275000781506027
2022-09-01,0.6240243229292578
2022-09-02,0.6741466358425107
2022-09-03,0.7115835162481002
2022-09-04,0.7124284424830931
2022-09-05,0.7109662291790414
2022-09-06,0.7225054523945565
2022-09-07,0.7276698759037576
2022-09-08,0.7449617193911722
2022-09-09,0.7822919332146543
2022-09-10,0.794508834881046
2022-09-11,0.7947258056540435
2022-09-12,0.7971127466652159
2022-09-13,0.8167967299873536
2022-09-14,0.8192114339970046
2022-09-15,0.8097167314068495
2022-09-16,0.7959916192673344
2022-09-17,0.8174234743130486
2022-09-18,0.8023500687770009
2022-09-19,0.8187531332226177
2022-09-20,0.847641384370836
2022-09-21,0.8366549541691458
2022-09-22,0.859862342770337
2022-09-23,0.8616480742482554
2022-09-24,0.8597335191640189
2022-09-25,0.825765297105325
2022-09-26,0.8228813686500762
2022-09-27,0.8263272274255683
2022-09-28,0.8027838990041463
2022-09-29,0.8025780626745822
2022-09-30,0.8158833207868719
2022-10-01,0.8246711907470241
2022-10-02,0.8180115554245405
2022-10-03,0.8140728574834266
2022-10-04,0.8197704771829882
2022-10-05,0.835129866722218
2022-10-06,0.8256082741968753
2022-10-07,0.823250984724816
2022-10-08,0.8139651106393895
2022-10-09,0.7991903113630191
2022-10-10,0.7928323999789675
2022-10-11,0.7936972635301764
2022-10-12,0.7930335862172111
2022-10-13,0.7558841077632914
2022-10-14,0.7493570227599087
2022-10-15,0.7314545391449759
2022-10-16,0.7760242125131488
2022-10-17,0.772074223452043
2022-10-18,0.6988331935797047
2022-10-19,0.6822137378778915
2022-10-20,0.6519958522437211
2022-10-21,0.6842561340390804
2022-10-22,0.5611229999145976
2022-10-23,0.6035764241912933
2022-10-24,0.6071818075934531
2022-10-25,0.7141199589562489
2022-10-26,0.70928956580956
2022-10-27,0.719026740671922
2022-10-28,0.7554539640038083
2022-10-29,0.7701404624255934
2022-10-30,0.6789791599365483
2022-10-31,0.5759633553352211
2022-11-01,0.5895100046271488
2022-11-02,0.6085998311785653
2022-11-03,0.5821258525540033
2022-11-04,0.6655400362342558
2022-11-05,0.6881982009210988
2022-11-06,0.6995225686611658
2022-11-07,0.6959966346325169
2022-11-08,0.6737207125983489
2022-11-09,0.8113873417443349
2022-11-10,0.8558158584619961
2022-11-11,0.8489262013602211
2022-11-12,0.8495950383858548
2022-11-13,0.8519734966559244
2022-11-14,0.852196350598303
2022-11-15,0.8507178509238273
2022-11-16,0.8511267227533516
2022-11-17,0.8509623343879837
2022-11-18,0.8506146518523323
2022-11-19,0.8503190777611795
2022-11-20,0.8515949933572493
2022-11-21,0.8517430866073573
2022-11-22,0.8505118817461336
2022-11-23,0.8351968292351531
2022-11-24,0.8360315716679755
2022-11-25,0.8475329638556193
2022-11-26,0.8461187587874031
2022-11-27,0.8434385330834233
2022-11-28,0.8407866241711746
2022-11-29,0.8434204438131383
2022-11-30,0.8467278199247502
2022-12-01,0.8467308133234467
2022-12-02,0.8474487147392592
2022-12-03,0.8457670074052933
2022-12-04,0.8344115053877945
2022-12-05,0.834594197167738
2022-12-06,0.8345729975250049
2022-12-07,0.8357338687120865
2022-12-08,0.9046781841274244
2022-12-09,0.8259774860425791
2022-12-10,0.6898525737816479
2022-12-11,0.6968222581949421
2022-12-12,0.6686137100800366
2022-12-13,0.619771798777518
2022-12-14,0.6204503159449253
2022-12-15,0.6420012402156866
2022-12-16,0.730856557306905
2022-12-17,0.7299089020039878
2022-12-18,0.7137383182712549
2022-12-19,0.7158702926277406
2022-12-20,0.7405449212277477
2022-12-21,0.7323403829344879
2022-12-22,0.7276027285694533
2022-12-23,0.7324689985151043
2022-12-24,0.7302138632004597
2022-12-25,0.7320302052139851
2022-12-26,0.7493219744456391
2022-12-27,0.7347470417708651
2022-12-28,0.7240373937274363
2022-12-29,0.7289885277707968
2022-12-30,0.7487783113411429
2022-12-31,0.7438650965195758
2023-01-01,0.7409610574927759
2023-01-02,0.7717211890385702
2023-01-03,0.780940582146517
2023-01-04,0.7996175734011065
2023-01-05,0.7990022388770421
2023-01-06,0.804759954387515
2023-01-07,0.8042942392421195
2023-01-08,0.8025003823227886
2023-01-09,0.7804718592811384
2023-01-10,0.7817672791304638
2023-01-11,0.8039456324037225
2023-01-12,0.8599276930415157
2023-01-13,0.8598373838724671
2023-01-14,0.8330427738053771
2023-01-15,0.6862469506795423
2023-01-16,0.6778061963801592
2023-01-17,0.7393651330034262
2023-01-18,0.769722503637983
2023-01-19,0.7441697370091256
2023-01-20,0.7506774321477961
2023-01-21,0.7628975629760105
2023-01-22,0.7566038723200171
2023-01-23,0.7507715316821858
2023-01-24,0.7533914245912252
2023-01-25,0.7575325295768717
2023-01-26,0.7742884695098889
2023-01-27,0.7598431578126995
2023-01-28,0.7653047960553659
2023-01-29,0.7801437058420032
2023-01-30,0.8100414555199459
2023-01-31,0.8127015073891596
2023-02-01,0.8115234615591831
2023-02-02,0.8002209735539312
2023-02-03,0.7999117568938435
2023-02-04,0.7978389581421037
2023-02-05,0.8023939874655195
2023-02-06,0.8072134314529055
2023-02-07,0.8463366743146925
2023-02-08,0.8713578814811336
2023-02-09,0.8918143506910383
2023-02-10,0.8820264312705195
2023-02-11,0.8834656222528764
2023-02-12,0.8694872309050351
2023-02-13,0.7729136048064671
2023-02-14,0.7716124082902596
2023-02-15,0.8218483614894646
2023-02-16,0.8213769115670017
2023-02-17,0.8178188615207246
2023-02-18,0.8136995679399796
2023-02-19,0.8119280851763806
2023-02-20,0.8096668041008348
2023-02-21,0.8114481036298059
2023-02-22,0.8103726371298109
2023-02-23,0.8132887321598194
2023-02-24,0.81440488877649
2023-02-25,0.8124254800997301
2023-02-26,0.8207769802686544
2023-02-27,0.8208575869934016
2023-02-28,0.8078990158241718
2023-03-01,0.7833780545585033
2023-03-02,0.7832624443754589
2023-03-03,0.7915314255813979
2023-03-04,0.7985818876203373
2023-03-05,0.7990794474644101
2023-03-06,0.799478390197732
2023-03-07,0.8019067734570663
2023-03-08,0.7985284845970426
2023-03-09,0.7910525499203608
2023-03-10,0.7892536337951646
2023-03-11,0.7218885975140336
2023-03-12,0.7693064558485918
2023-03-13,0.793588684568015
2023-03-14,0.8076987565690604
2023-03-15,0.8725601321150666
2023-03-16,0.8039393540600956
2023-03-17,0.7601470789832514
2023-03-18,0.7650354466332967
2023-03-19,0.7612814745737705
2023-03-20,0.7651581152515905
2023-03-21,0.7531181828598209
2023-03-22,0.7667457682621497
2023-03-23,0.7710938774224486
2023-03-24,0.7819616823599167
2023-03-25,0.7873774569980038
2023-03-26,0.7842932180597205
2023-03-27,0.7888840531777067
2023-03-28,0.7810597710129379
2023-03-29,0.7813017633743522
2023-03-30,0.7774290749660191
2023-03-31,0.7837234938923712
2023-04-01,0.7826716646697208
2023-04-02,0.7668335021531046
2023-04-03,0.7572566993523822
2023-04-04,0.7526277814870319
2023-04-05,0.7532534933902886
2023-04-06,0.7537521282634203
2023-04-07,0.7544677113402947
2023-04-08,0.731652239808094
2023-04-09,0.7328032070000366
2023-04-10,0.7500013454761312
2023-04-11,0.7104072931104406
2023-04-12,0.6533195073869505
2023-04-13,0.6544245764084647
2023-04-14,0.657208654940062
2023-04-15,0.7590897128598825
2023-04-16,0.6938067308521595
2023-04-17,0.6982900256603488
2023-04-18,0.6943178151518953
2023-04-19,0.7800103917511574
2023-04-20,0.7847738767646112
2023-04-21,0.6803306324938029
2023-04-22,0.6588534863979791
2023-04-23,0.6419632078370042
2023-04-24,0.6389090702509428
2023-04-25,0.6335468588243596
2023-04-26,0.5851389446702727
2023-04-27,0.5829510659949633
2023-04-28,0.5839538513349846
2023-04-29,0.5825275367064287
2023-04-30,0.5005858553432844
2023-05-01,0.525855790446454
2023-05-02,0.4836302698320904
2023-05-03,0.5020425855359087
2023-05-04,0.5091124226516137
2023-05-05,0.4885329902573161
2023-05-06,0.4955131659487723
2023-05-07,0.4951202130865327
2023-05-08,0.5143203929280177
2023-05-09,0.5133933514429729
2023-05-10,0.5001844518981173
2023-05-11,0.5262077711391606
2023-05-12,0.537535160548993
2023-05-13,0.5257444635861799
2023-05-14,0.5182624171880369
2023-05-15,0.5243320473290413
2023-05-16,0.5185121492827555
2023-05-17,0.5094330144546445
2023-05-18,0.5041145801249697
2023-05-19,0.28426397500757267
2023-05-20,0.2965658922916297
2023-05-21,0.40041368518264503
2023-05-22,0.3832757934439578
2023-05-23,0.40373426120129685
2023-05-24,0.44887966930387646
2023-05-25,0.4317529975472638
2023-05-26,0.4550360240242386
2023-05-27,0.4514254613960534
2023-05-28,0.5046198955230027
2023-05-29,0.5143128266749292
2023-05-30,0.6987558879884592
2023-05-31,0.6802677533428945
2023-06-01,0.778157623650595
2023-06-02,0.7774529320240642
2023-06-03,0.7747742199557227
2023-06-04,0.8233122251166154
2023-06-05,0.8131945255936182
2023-06-06,0.8084787551893379
2023-06-07,0.7931390311801999
2023-06-08,0.7949333056321917
2023-06-09,0.801707648985885
2023-06-10,0.847340774095035
2023-06-11,0.8451732551368868
2023-06-12,0.8560246905981611
2023-06-13,0.7935608384078102
2023-06-14,0.7516916635354021
2023-06-15,0.7502792917471323
2023-06-16,0.7544603636973718
2023-06-17,0.7522796786118441
2023-06-18,0.750726701761852
2023-06-19,0.749118461929832
2023-06-20,0.7531107054595679
2023-06-21,0.7262984798165767
2023-06-22,0.7231510716026275
2023-06-23,0.7244209423160733
2023-06-24,0.7256007736868046
2023-06-25,0.7258410154984263
2023-06-26,0.718759930777557
2023-06-27,0.7124076772243642
2023-06-28,0.7156136811193999
2023-06-29,0.7187382999527512
2023-06-30,0.7352589919680179
2023-07-01,0.7119843422158616
2023-07-02,0.7104794123949235
2023-07-03,0.7144910236247352
2023-07-04,0.7150957629028092
2023-07-05,0.677114526646874
2023-07-06,0.6776383497520363
2023-07-07,0.675636317639033
2023-07-08,0.6722112676536328
2023-07-09,0.6717938001840537
2023-07-10,0.571152439285077
2023-07-11,0.5687040045702628
2023-07-12,0.5665048392656545
2023-07-13,0.7133841427646418
2023-07-14,0.7273569129421877
2023-07-15,0.7200055174254397
2023-07-16,0.7048972402664155
2023-07-17,0.7073566872422599
2023-07-18,0.710368667741128
2023-07-19,0.7090481510237553
2023-07-20,0.7003676280604747
2023-07-21,0.7395494568277752
2023-07-22,0.7506930863093434
2023-07-23,0.7488412890613599
2023-07-24,0.7656993708972526
2023-07-25,0.7605208523566516
2023-07-26,0.75960341705763
2023-07-27,0.7569519794819181
2023-07-28,0.7369969591030493
2023-07-29,0.7343601800798201
2023-07-30,0.7047229836431581
2023-07-31,0.7493795387000098
2023-08-01,0.7506605065058936
2023-08-02,0.7607887727112079
2023-08-03,0.7601168949797303
2023-08-04,0.7547759832118648
2023-08-05,0.7318699295285107
2023-08-06,0.7289229996936558
2023-08-07,0.7285661354016509
2023-08-08,0.737349751932049
2023-08-09,0.7803623139515089
2023-08-10,0.7873704852240625
2023-08-11,0.7960137082388518
2023-08-12,0.6879277450582177
2023-08-13,0.5947180920247346
2023-08-14,0.6159775772830891
2023-08-15,0.709055658399648
2023-08-16,0.7400062133460181
2023-08-17,0.8736369771325383
2023-08-18,0.88113304820744
2023-08-19,0.8830509585665535
2023-08-20,0.8758497288110605
2023-08-21,0.8575636538227649
2023-08-22,0.8229464455136067
2023-08-23,0.8451051996036599
2023-08-24,0.822364937459237
2023-08-25,0.821006798803629
2023-08-26,0.8282338189242615
2023-08-27,0.8286235385694461
2023-08-28,0.8272294505883269
2023-08-29,0.864555344876286
2023-08-30,0.8665079938062865
2023-08-31,0.8930644934462764
2023-09-01,0.8976871545905711
2023-09-02,0.8991110496221848
2023-09-03,0.901262405196455
2023-09-04,0.8967639971932356
2023-09-05,0.8964100102479158
2023-09-06,0.8965195721195164
2023-09-07,0.8938774971636029
2023-09-08,0.8937280468884969
2023-09-09,0.8981061456615147
2023-09-10,0.8997230434198743
2023-09-11,0.9065454855160194
2023-09-12,0.9159995980926982
2023-09-13,0.9167096895889187
2023-09-14,0.9127434899536304
2023-09-15,0.9192586130536367
2023-09-16,0.8786376733489031
2023-09-17,0.8612320176447567
2023-09-18,0.8519859843026875
2023-09-19,0.85963085142162
2023-09-20,0.8837750230464545
2023-09-21,0.9088542383763715
2023-09-22,0.8970738247267048
2023-09-23,0.9276728558390711
2023-09-24,0.927506464170533
2023-09-25,0.9283459190867891
2023-09-26,0.9229922587301128
2023-09-27,0.9228542082637332
2023-09-28,0.8921183527445363
2023-09-29,0.8861971156012793
2023-09-30,0.8580949075186823
2023-10-01,0.8592205635490265
2023-10-02,0.856361916266295
2023-10-03,0.8559397885378123
2023-10-04,0.8606426811636199
2023-10-05,0.8691679987413313
2023-10-06,0.8761766790373315
2023-10-07,0.8762752418139621
2023-10-08,0.878389492801151
2023-10-09,0.8906932464513955
2023-10-10,0.8519962181139932
2023-10-11,0.8095214810727722
2023-10-12,0.7877346184844605
2023-10-13,0.786617980652077
2023-10-14,0.7960368122965894
2023-10-15,0.768169318496413
2023-10-16,0.7989074094076863
2023-10-17,0.8264434385047302
2023-10-18,0.8328594366366706
2023-10-19,0.8330699791162244
2023-10-20,0.8281760166854387
2023-10-21,0.8202746775980485
2023-10-22,0.8287333681069259
2023-10-23,0.8757201418019604
2023-10-24,0.8444275351763341
2023-10-25,0.8322279704650933
2023-10-26,0.8394978917184989
2023-10-27,0.822732174627481
2023-10-28,0.8141109225643526
2023-10-29,0.8179787230721296
2023-10-30,0.8190898481254795
2023-10-31,0.810106724062614
2023-11-01,0.8093994235459794
2023-11-02,0.7081051950771272
2023-11-03,0.684033644016284
2023-11-04,0.6591476919571411
2023-11-05,0.6630981085719808
2023-11-06,0.6000734026916937
2023-11-07,0.5946891049648442
2023-11-08,0.5289356359539272
2023-11-09,0.41542384787775405
2023-11-10,0.4058459725285165
2023-11-11,0.39695245173210875
2023-11-12,0.40184168839930845
2023-11-13,0.38181118939711134
2023-11-14,0.37399949047677394
2023-11-15,0.39704232153939084
2023-11-16,0.4711696300419413
2023-11-17,0.4656301155444032
2023-11-18,0.46583289492199964
2023-11-19,0.4661684593031739
2023-11-20,0.45346774842592236
2023-11-21,0.5038220295723118
2023-11-22,0.49194531160735716
2023-11-23,0.49858878339287027
2023-11-24,0.49783299842511664
2023-11-25,0.4968705041506434
2023-11-26,0.505742581575658
2023-11-27,0.5174200640208693
2023-11-28,0.5175510849777019
2023-11-29,0.5201123548907465
2023-11-30,0.5202330479729208
2023-12-01,0.5191851262334819
2023-12-02,0.5453338785819808
2023-12-03,0.5466661645203835
2023-12-04,0.5526034351761724
2023-12-05,0.5408886570582635
2023-12-06,0.5615669608227355
2023-12-07,0.5633165296796804
2023-12-08,0.5486711357144006
2023-12-09,0.6238650467060719
2023-12-10,0.636043282644023
2023-12-11,0.5034601645118227
2023-12-12,0.466231088187424
2023-12-13,0.45873874787817515
2023-12-14,0.4817234649293602
2023-12-15,0.48809707652186424
2023-12-16,0.4317212154945298
2023-12-17,0.44321882044000344
2023-12-18,0.44395643280514496
2023-12-19,0.3701450882918318
2023-12-20,0.37252120182007764
2023-12-21,0.2444568448860435
2023-12-22,0.12684185457378183
2023-12-23,0.1272451271954417
2023-12-24,0.17189723929988043
2023-12-25,0.17171559876382622
2023-12-26,-0.005474297918461136
2023-12-27,0.1595283026265961
2023-12-28,0.1618219427208669
2023-12-29,0.1976249696603137
2023-12-30,0.20014714448461884
2023-12-31,0.21337763577011545
2024-01-01,0.22296115594859447
2024-01-02,0.2289795579450047
2024-01-03,0.19533710308382898
2024-01-04,0.22582835963602704
2024-01-05,0.21155802927083153
2024-01-06,0.23269578889835926
2024-01-07,0.23580395322456277
2024-01-08,0.22202451951348323
2024-01-09,0.2180756240942144
2024-01-10,0.26233551878926764
2024-01-11,0.28378689274568986
2024-01-12,0.34536519958667705
2024-01-13,0.3548911394428578
2024-01-14,0.31748669853499467
2024-01-15,0.3200547308114309
2024-01-16,0.29347468713738345
2024-01-17,0.3135599064668489
2024-01-18,0.3412818767088213
2024-01-19,0.3396172986518438
2024-01-20,0.32871869891239297
2024-01-21,0.3379197294674281
2024-01-22,0.3947825534445415
2024-01-23,0.4024537080814011
2024-01-24,0.40074999822109053
2024-01-25,0.5781130349858162
2024-01-26,0.503305993123021
2024-01-27,0.5073724077994757
2024-01-28,0.4951852885477528
2024-01-29,0.5123846005453262
2024-01-30,0.5038747820201029
2024-01-31,0.5149485783887823
2024-02-01,0.5169679308896823
2024-02-02,0.6093790903934699
2024-02-03,0.5953624285414227
2024-02-04,0.5877320439752648
2024-02-05,0.5845751832832309
2024-02-06,0.5837440931123481
2024-02-07,0.5947996259444257
2024-02-08,0.5658419538093009
2024-02-09,0.6366089529198119
2024-02-10,0.6332844502547708
2024-02-11,0.5838183849297676
2024-02-12,0.5834600859786628
2024-02-13,0.593417646501872
2024-02-14,0.6646994558880572
2024-02-15,0.6546204049046526
2024-02-16,0.6206041065900708
2024-02-17,0.6546998554605065
2024-02-18,0.6186622547822395
2024-02-19,0.6212063983919488
2024-02-20,0.6275048910194987
2024-02-21,0.35024946660773765
2024-02-22,0.27691440580133814
2024-02-23,0.30209095470310837
2024-02-24,0.29609255468012574
2024-02-25,0.2907261305003479
2024-02-26,0.30653834704117183
2024-02-27,0.2679846323416492
2024-02-28,0.3206626839035949
2024-02-29,0.36453733344791617
2024-03-01,0.30660403121109703
2024-03-02,0.3025402790877119
2024-03-03,0.2984872943103919
2024-03-04,0.27502258032534704
2024-03-05,0.3952052757514392
2024-03-06,0.511479239438272
2024-03-07,0.43759600599550663
2024-03-08,0.4334642632943209
2024-03-09,0.4586713007955071
2024-03-10,0.3654759563045619
2024-03-11,0.30894788687475716
2024-03-12,0.2645715137861269
2024-03-13,0.19693638114554607
2024-03-14,0.2435064047553391
2024-03-15,0.21695855260503266
2024-03-16,0.3443865990663514
2024-03-17,0.32213273761739397
2024-03-18,0.3389091905638274
2024-03-19,0.4970613898301808
2024-03-20,0.5611011561736695
2024-03-21,0.5665382662368734
2024-03-22,0.5922675663795659
2024-03-23,0.5917440732115893
2024-03-24,0.5880483647651308
2024-03-25,0.5905286275944877
2024-03-26,0.5953314255774711
2024-03-27,0.5971733485528371
2024-03-28,0.6097538196980131
2024-03-29,0.5832339761579567
2024-03-30,0.5833433479419088
2024-03-31,0.5735223521874657
2024-04-01,0.5882903907524216
2024-04-02,0.6105466105468046
2024-04-03,0.6209462487706418
2024-04-04,0.6210894672593502
2024-04-05,0.5873199187153025
2024-04-06,0.5971715975906755
2024-04-07,0.5848444236518644
2024-04-08,0.5546704012087922
2024-04-09,0.5849029047047547
2024-04-10,0.6145837875715319
2024-04-11,0.6292038968292257
2024-04-12,0.7274578723948786
2024-04-13,0.741923154423417
2024-04-14,0.7760879333874745
2024-04-15,0.765003094707524
2024-04-16,0.7769425996210948
2024-04-17,0.7713345563214035
2024-04-18,0.7193806606342329
2024-04-19,0.6197609241933908
2024-04-20,0.6327439986993127
2024-04-21,0.636195400888526
2024-04-22,0.636447502041271
2024-04-23,0.6273370746174775
2024-04-24,0.6052342184949845
2024-04-25,0.6111097934761501
2024-04-26,0.6017544750150562
2024-04-27,0.5738442522000498
2024-04-28,0.6361722063616826
2024-04-29,0.645275785790752
2024-04-30,0.6638375758024266
2024-05-01,0.6482147286596601
2024-05-02,0.6053224763885081
2024-05-03,0.62892380355834
2024-05-04,0.6435997551260916
2024-05-05,0.6467408733119712
2024-05-06,0.6442915501715645
2024-05-07,0.6599002396398291
2024-05-08,0.6930727159407974
2024-05-09,0.703315520994902
2024-05-10,0.721428534349905
2024-05-11,0.7213286361681233
2024-05-12,0.749904921036995
2024-05-13,0.6785750513967721
2024-05-14,0.6766178356032422
2024-05-15,0.6942348117743671
2024-05-16,0.7229656604551709
2024-05-17,0.7296142524638347
2024-05-18,0.7142219570076273
2024-05-19,0.7191360266147987
2024-05-20,0.6878298745919794
2024-05-21,0.7021187597704003
2024-05-22,0.7318745293955197
2024-05-23,0.7095226326051589
2024-05-24,0.7129258802041205
2024-05-25,0.7149947179231677
2024-05-26,0.7162145085727337
2024-05-27,0.7301335488351338
2024-05-28,0.7314872900270573
2024-05-29,0.732253911397304
2024-05-30,0.7103428989894486
2024-05-31,0.7150528521714102
2024-06-01,0.7145609440236467
2024-06-02,0.7222334040573936
2024-06-03,0.6545928298533681
2024-06-04,0.5241391059467871
2024-06-05,0.5192759337991864
2024-06-06,0.49662692928938185
2024-06-07,0.5379946547502227
2024-06-08,0.5364382866839794
2024-06-09,0.516474956031923
2024-06-10,0.49201938902106285
2024-06-11,0.5197217957291044
2024-06-12,0.521289331413733
2024-06-13,0.5219463015463754
2024-06-14,0.50434019335576
2024-06-15,0.49235173220424505
2024-06-16,0.4815593010109914
2024-06-17,0.48583639967061826
2024-06-18,0.48553040215051224
2024-06-19,0.5349647335650106
2024-06-20,0.5106696053332184
2024-06-21,0.5099299631345254
2024-06-22,0.5336731263565656
2024-06-23,0.5517182415115898
2024-06-24,0.5593249390197645
2024-06-25,0.5895810544636108
2024-06-26,0.5946577642549352
2024-06-27,0.5977602952105425
2024-06-28,0.6075637312364466
2024-06-29,0.608489557138357
2024-06-30,0.6213735374444037
2024-07-01,0.6155284414862338
2024-07-02,0.6170541613556237
2024-07-03,0.6633167219964929
2024-07-04,0.7838609777613128
2024-07-05,0.783319153888135
2024-07-06,0.8193205737790643
2024-07-07,0.8301956813648522
2024-07-08,0.8427900667760816
2024-07-09,0.8521722993294998
2024-07-10,0.920322817732664
2024-07-11,0.9244377758661492
2024-07-12,0.9233213846852883
2024-07-13,0.9130305990519932
2024-07-14,0.9158555305458937
2024-07-15,0.9367940883693316
2024-07-16,0.9399654511234409
2024-07-17,0.9518365430469362
2024-07-18,0.955137975016083
2024-07-19,0.9557376534816133
2024-07-20,0.9551943957024478
2024-07-21,0.9541301002380653
2024-07-22,0.9565488278026522
2024-07-23,0.9429488269867494
2024-07-24,0.9228985770504459
2024-07-25,0.884129209614068
2024-07-26,0.8808418315405473
2024-07-27,0.8804557437800798
2024-07-28,0.8782137018609402
2024-07-29,0.8587579545862746
2024-07-30,0.8392297160044787
2024-07-31,0.8422850381113668
2024-08-01,0.8433044471066703
2024-08-02,0.8533075715627972
2024-08-03,0.8292966148413871
2024-08-04,0.8487528101280897
2024-08-05,0.8709946875346535
2024-08-06,0.8747218168742624
2024-08-07,0.8699771686631071
2024-08-08,0.9018646489483977
2024-08-09,0.9023726852281482
2024-08-10,0.8968444231195595
2024-08-11,0.8876602237656619
2024-08-12,0.8893120741268246
2024-08-13,0.8852558238447881
2024-08-14,0.8722205391322431
2024-08-15,0.8707437913001582
2024-08-16,0.8695629810657088
2024-08-17,0.855861040976528
2024-08-18,0.8454083266330057
2024-08-19,0.8232718426010928
2024-08-20,0.8089839722681258
2024-08-21,0.8000534298999062
2024-08-22,0.80752096137496
2024-08-23,0.79725195278737
2024-08-24,0.7977032491712199
2024-08-25,0.7943971667825225
2024-08-26,0.7887240839838932
2024-08-27,0.7833343189111641
2024-08-28,0.7936502064093399
2024-08-29,0.801273693166973
2024-08-30,0.8015449422960579
2024-08-31,0.8012384509815631
2024-09-01,0.7874196868313479
2024-09-02,0.792049789301344
2024-09-03,0.7713131007740138
2024-09-04,0.7111057236622584
2024-09-05,0.7225809638930397
2024-09-06,0.7307326791376759
2024-09-07,0.5946048850869252
2024-09-08,0.5914289522287725
2024-09-09,0.6109896972864738
2024-09-10,0.6087657360439275
2024-09-11,0.5527030905339064
2024-09-12,0.559735311911471
2024-09-13,0.5770337301604354
2024-09-14,0.5766346049843641
2024-09-15,0.5652768661618888
2024-09-16,0.5601845392176155
2024-09-17,0.5825501514865983
2024-09-18,0.6150424028776966
2024-09-19,0.6501118335149596
2024-09-20,0.6518466207983389
2024-09-21,0.6680575109796326
2024-09-22,0.6691142058142372
2024-09-23,0.690582066601097
2024-09-24,0.6926851389944546
2024-09-25,0.7070393302838877
2024-09-26,0.6979951404135015
2024-09-27,0.7126623185226696
2024-09-28,0.7139328992913736
2024-09-29,0.7153372795614241
2024-09-30,0.7105081397560421
2024-10-01,0.7198593841353496
2024-10-02,0.7043831050124308
2024-10-03,0.7029073093490098
2024-10-04,0.7324042378687278
2024-10-05,0.7244048555013718
2024-10-06,0.6952650054494692
2024-10-07,0.695671539690179
2024-10-08,0.6874275434482975
2024-10-09,0.6861762229041862
2024-10-10,0.6785047585882434
2024-10-11,0.7302970694320903
2024-10-12,0.733615003794422
2024-10-13,0.7216605346106292
2024-10-14,0.7355293578815715
2024-10-15,0.7613970812244892
2024-10-16,0.7744232358784897
2024-10-17,0.7688059137287048
2024-10-18,0.7770038473159593
2024-10-19,0.7867471806410743
2024-10-20,0.8010782697754474
2024-10-21,0.8060560151928888
2024-10-22,0.8081924561543081
2024-10-23,0.8007881176149697
2024-10-24,0.7960377013888373
2024-10-25,0.8110354476187479
2024-10-26,0.8135945902245975
2024-10-27,0.8077750612025937
2024-10-28,0.81465582588568
2024-10-29,0.8118673166661274
2024-10-30,0.8232010450273457
2024-10-31,0.8215793256009704
2024-11-01,0.8226596636171039
2024-11-02,0.8269070133543008
2024-11-03,0.8206275333526629
2024-11-04,0.8311385221211178
2024-11-05,0.8262418185758292
2024-11-06,0.8542727316086401
2024-11-07,0.8574038940260211
2024-11-08,0.8462683113967208
2024-11-09,0.8639336161140715
2024-11-10,0.8647822251127611
2024-11-11,0.8719095546052918
2024-11-12,0.8731254321016174
2024-11-13,0.8675079189078847
2024-11-14,0.8517056711215362
2024-11-15,0.8539365088991391
2024-11-16,0.8571748251617343
2024-11-17,0.8584904399405953
2024-11-18,0.8455478063719092
2024-11-19,0.8375675790662702
2024-11-20,0.8381616664719977
2024-11-21,0.8353734701283088
2024-11-22,0.8132259484123285
2024-11-23,0.8116879123117964
2024-11-24,0.7777770763892795
2024-11-25,0.7141263041058908
2024-11-26,0.7277514990481206
2024-11-27,0.7666624145747218
2024-11-28,0.740191448183783
2024-11-29,0.7467010894308876
2024-11-30,0.7187921183971887
2024-12-01,0.7166915113924311
2024-12-02,0.721032396866051
2024-12-03,0.4478443375934581
2024-12-04,0.41369792632328656
2024-12-05,0.428976724036694
2024-12-06,0.38321108196278386
2024-12-07,0.38052188941523496
2024-12-08,0.38838834568882125
2024-12-09,0.4595609169492645
2024-12-10,0.4659155579315447
2024-12-11,0.4725323335611813
2024-12-12,0.4470765466165483
2024-12-13,0.4381993934025801
2024-12-14,0.4510938516111647
2024-12-15,0.4523166771829639
2024-12-16,0.4516484476949685
2024-12-17,0.448175884000993
2024-12-18,0.49619374872727606
2024-12-19,0.5181881256777261
2024-12-20,0.5160949366996425
2024-12-21,0.5301867315094159
2024-12-22,0.5391613734030647
2024-12-23,0.5598826166234734
2024-12-24,0.5638234150395912
2024-12-25,0.5936048479336832
2024-12-26,0.5893777424816217
2024-12-27,0.5580532149986025
2024-12-28,0.5804109389633174
2024-12-29,0.5818554055486636
2024-12-30,0.5935369354723868
2024-12-31,0.5938032858751693
2025-01-01,0.5904354421961542
2025-01-02,0.7747583322903899
2025-01-03,0.8153638450285926
2025-01-04,0.8148434209878612
2025-01-05,0.8233410762068467
2025-01-06,0.8323610145538968
2025-01-07,0.8489575003393004
2025-01-08,0.8207930068856909
2025-01-09,0.8209332083764834
2025-01-10,0.798866800559091
2025-01-11,0.8100310515645972
2025-01-12,0.8158844644338917
2025-01-13,0.8106978294586655
2025-01-14,0.8159505944099197
2025-01-15,0.8117486178090928
2025-01-16,0.8094172705442814
2025-01-17,0.7867899115955947
2025-01-18,0.7748175395722253
2025-01-19,0.773932642326275
2025-01-20,0.7573355527863581
2025-01-21,0.7575051261887751
2025-01-22,0.7490369960586816
2025-01-23,0.7266890357562931
2025-01-24,0.7257801038809307
2025-01-25,0.712425361239766
2025-01-26,0.7179306629453935
2025-01-27,0.6895914120932425
2025-01-28,0.7236021932946254
2025-01-29,0.7314058800088503
2025-01-30,0.7378810257074369
2025-01-31,0.7366563318416876
2025-02-01,0.7673909931799989
2025-02-02,0.813751788718004
2025-02-03,0.8157949909192034
2025-02-04,0.7998454604431946
2025-02-05,0.8012821583033984
2025-02-06,0.7481830422449378
2025-02-07,0.7332623474447815
2025-02-08,0.6832969358327782
2025-02-09,0.6791350979277265
2025-02-10,0.6784842748493692
2025-02-11,0.6246758108790742
2025-02-12,0.6645010644632557
2025-02-13,0.66114550059079
2025-02-14,0.6399494109878023
2025-02-15,0.6429197185536818
2025-02-16,0.6355414876395008
2025-02-17,0.6053977819918347
2025-02-18,0.6029221960740907
2025-02-19,0.6101139156262393
2025-02-20,0.6086753246892914
2025-02-21,0.621366947916606
2025-02-22,0.6603930272039488
2025-02-23,0.6377840253305355
2025-02-24,0.6864887419239225
2025-02-25,0.6819134489655543
2025-02-26,0.6905216936930709
2025-02-27,0.6866215577540709
2025-02-28,0.687257398004933
2025-03-01,0.6776789578313915
2025-03-02,0.6387103008103271
2025-03-03,0.6893496924080912
2025-03-04,0.6622362066947446
2025-03-05,0.668802639628853
2025-03-06,0.6628120032836968
2025-03-07,0.6713081627735297
2025-03-08,0.6719987420994176
2025-03-09,0.7076145204213694
2025-03-10,0.7404961896767716
2025-03-11,0.7435937196422998
2025-03-12,0.7329305828618284
2025-03-13,0.7543328437859419
2025-03-14,0.7596209575843353
2025-03-15,0.7551487301776166
2025-03-16,0.7721459396241602
2025-03-17,0.7716937791364342
2025-03-18,0.7774758702727376
2025-03-19,0.7524483912598838
2025-03-20,0.7359841240615009
2025-03-21,0.735202580168185
2025-03-22,0.726722722743647
2025-03-23,0.7213953346579571
2025-03-24,0.7173404404770184
2025-03-25,0.7318918211965588
2025-03-26,0.6923811254476985
2025-03-27,0.6863176931255505
2025-03-28,0.6906407198020198
2025-03-29,0.6958958817577842
2025-03-30,0.6946029432859374
2025-03-31,0.7119396057067532
2025-04-01,0.7351651741453852
2025-04-02,0.6565464417414137
2025-04-03,0.6537351942403591
2025-04-04,0.6418806832777433
2025-04-05,0.6408347115592313
2025-04-06,0.7232526550639157
2025-04-07,0.7314691436867168
2025-04-08,0.6765549902289787
2025-04-09,0.6971862211161717
2025-04-10,0.6797800824623876
2025-04-11,0.7005097727643027
2025-04-12,0.7167641457808419
2025-04-13,0.7166171904126905
2025-04-14,0.7412621150309644
2025-04-15,0.742768004511609
2025-04-16,0.7590733004138562
2025-04-17,0.7584574973740368
2025-04-18,0.8193858754468615
2025-04-19,0.8522246098353878
2025-04-20,0.8529079816061489
2025-04-21,0.8625648679803761
2025-04-22,0.8727839178983942
2025-04-23,0.8446084470915561
2025-04-24,0.8469544931810892
2025-04-25,0.8444381055436557
2025-04-26,0.8765968675481293
2025-04-27,0.8719653114039516
2025-04-28,0.8716468965413409
2025-04-29,0.8690448582148518
2025-04-30,0.8688310460836931
2025-05-01,0.8658168606416052
2025-05-02,0.8586745213004812
2025-05-03,0.8584619713818936
2025-05-04,0.8535397690124008
2025-05-05,0.8434085478168976
2025-05-06,0.7603035173126267
2025-05-07,0.7637181670125512
2025-05-08,0.7986663459441704
2025-05-09,0.7239431890776333
2025-05-10,0.6595102072842525
2025-05-11,0.6736248708982664
2025-05-12,0.6475904450567957
2025-05-13,0.621520619587069
2025-05-14,0.6367485457531353
2025-05-15,0.6311879891586036
2025-05-16,0.6372518402409136
2025-05-17,0.6546954301280077
2025-05-18,0.6406813955011609
2025-05-19,0.6403530270535686
2025-05-20,0.64301210862311
2025-05-21,0.6097583602895775
2025-05-22,0.5690227086633758
2025-05-23,0.628432342085444
2025-05-24,0.6131773228846978
2025-05-25,0.6140531557949274
2025-05-26,0.6136913356229067
2025-05-27,0.6152649497315926
2025-05-28,0.6161003938233676
2025-05-29,0.621084140579031
2025-05-30,0.6424635559302688
2025-05-31,0.6444556509464777
2025-06-01,0.6441448171806478
2025-06-02,0.6433301375007333
2025-06-03,0.6424397608358944
2025-06-04,0.6535459698705124
2025-06-05,0.7003466862418035
2025-06-06,0.7012985860528429
2025-06-07,0.7014729400233096
2025-06-08,0.6576477188613358
2025-06-09,0.7953569307354648
2025-06-10,0.7853096579481761
2025-06-11,0.8055321065156159
2025-06-12,0.8522842192164134
2025-06-13,0.8377573028680037
2025-06-14,0.8452353892204557
2025-06-15,0.8473664701226395
2025-06-16,0.8456775855575906
2025-06-17,0.8584868051869333
2025-06-18,0.8615064611660851
2025-06-19,0.861661894511316
2025-06-20,0.8745561969979442
2025-06-21,0.8726333731482869
2025-06-22,0.8696780727108934
2025-06-23,0.9113771119571996
2025-06-24,0.9114807550279941
2025-06-25,0.9064179826743773
2025-06-26,0.9003587890597878
2025-06-27,0.8993484155377297
2025-06-28,0.9035785312614099
2025-06-29,0.9046735087891129
2025-06-30,0.9028628625288423
2025-07-01,0.9071829121316501
2025-07-02,0.9108573657971369
2025-07-03,0.9117122261860215
2025-07-04,0.9139079829054108
2025-07-05,0.9083719023014419
2025-07-06,0.9088420304586688
2025-07-07,0.9093293356910465
2025-07-08,0.8987126656184163
2025-07-09,0.8890824354502412
2025-07-10,0.8997178079826531
2025-07-11,0.8980022304066524
2025-07-12,0.8900778760524091
2025-07-13,0.8955775735333152
2025-07-14,0.8909605571465052
2025-07-15,0.8739369650056678
2025-07-16,0.8895973988739173
2025-07-17,0.8868850338084424
2025-07-18,0.8895768275897522
2025-07-19,0.8892076986675723
2025-07-20,0.8905472842918168
2025-07-21,0.8613774723325959
2025-07-22,0.7855766607373653
2025-07-23,0.7583545332732772
2025-07-24,0.734519755411984
2025-07-25,0.7175122226072725
2025-07-26,0.7053941998752925
2025-07-27,0.6171341277724891
2025-07-28,0.6399683399900806
2025-07-29,0.6345064686142334
2025-07-30,0.6330897627813078
2025-07-31,0.6175310443954809
2025-08-01,0.6842475331683694
2025-08-02,0.7030117736975695
2025-08-03,0.6990035653622826
2025-08-04,0.705870188132363
2025-08-05,0.7191978662481314
2025-08-06,0.7166981053552329
2025-08-07,0.7312429547457601
2025-08-08,0.741205978264218
2025-08-09,0.708476224199214
2025-08-10,0.705839493819258
2025-08-11,0.7015203989925746
2025-08-12,0.7231181007019488
2025-08-13,0.7279372431829184
2025-08-14,0.7421865149595304
2025-08-15,0.7489886113863927
2025-08-16,0.7377630042189696
2025-08-17,0.7340256718728188
2025-08-18,0.7367632451214164
2025-08-19,0.7444032829169464
2025-08-20,0.7674275715730197
2025-08-21,0.7892427397871923
2025-08-22,0.8330398646059369
2025-08-23,0.8396076296646159
2025-08-24,0.8442869078314736
2025-08-25,0.8606895305623802
2025-08-26,0.8958136572368014
2025-08-27,0.8970105229315044
2025-08-28,0.8942976092538231
2025-08-29,0.9025637823101209
2025-08-30,0.9021979392169902
2025-08-31,0.8931006810857657
2025-09-01,0.8955485621533074
2025-09-02,0.8942535487532612
2025-09-03,0.8899106981116807
2025-09-04,0.8886055397971713
2025-09-05,0.8889258700808848
2025-09-06,0.8799986133446672
2025-09-07,0.8755276485484937
2025-09-08,0.8970040718826517
2025-09-09,0.8978291332139933
2025-09-10,0.8966906855417986
2025-09-11,0.8945351005593081
2025-09-12,0.8954759129160973
2025-09-13,0.8950009006741936
2025-09-14,0.8931312605098582
2025-09-15,0.8973833619247565
2025-09-16,0.8611896064786015
2025-09-17,0.8552598460172551
2025-09-18,0.8433571497922232
2025-09-19,0.8263399048269241
2025-09-20,0.7637784464507689
2025-09-21,0.6675230431627834
2025-09-22,0.7241516960863905
2025-09-23,0.7174017521827625
2025-09-24,0.6488697138481044
2025-09-25,0.7379751835214857
2025-09-26,0.7196855903535166
2025-09-27,0.7225943413008327
2025-09-28,0.7232426855411177
2025-09-29,0.7324642755543191
2025-09-30,0.7439260829750931
2025-10-01,0.7224832612948401
2025-10-02,0.7346629427929223
2025-10-03,0.7049661834986615
2025-10-04,0.6911449435075715
2025-10-05,0.6908755014250535
2025-10-06,0.7099740966971668
2025-10-07,0.5267886858842977
2025-10-08,0.5136067668776134
2025-10-09,0.544251628730581
2025-10-10,0.6946978923627847
2025-10-11,0.6874887511889515
2025-10-12,0.7681803087139565
2025-10-13,0.7533512053107492
2025-10-14,0.7497471607338319
2025-10-15,0.7551954207315004
2025-10-16,0.7613042119229472
2025-10-17,0.7413274924625882
2025-10-18,0.7433951851682435
2025-10-19,0.7444456634572091
2025-10-20,0.7515283362050539
2025-10-21,0.7544856068513579
2025-10-22,0.7374033910093427
2025-10-23,0.7420075590936379
2025-10-24,0.730324643777343
2025-10-25,0.7044388896758463
2025-10-26,0.7019293591756741
2025-10-27,0.7023918628425021
2025-10-28,0.7070380231736074
2025-10-29,0.7002289598524212
2025-10-30,0.702753651677556
2025-10-31,0.709967506973729
2025-11-01,0.6990002283932913
2025-11-02,0.714474900709577
2025-11-03,0.749632755555006
2025-11-04,0.7551314535984944
2025-11-05,0.7462711092843715
2025-11-06,0.8493761871407854
2025-11-07,0.8588364555753
2025-11-08,0.8560611766304254
2025-11-09,0.8007361203785711
2025-11-10,0.8284851614964043
2025-11-11,0.7688072109963765
2025-11-12,0.7742875421542721
2025-11-13,0.7827697623004883
2025-11-14,0.7683383185596304
2025-11-15,0.7738185823591316
2025-11-16,0.8186979527518589
2025-11-17,0.8177999537134477
2025-11-18,0.8223953821663319
2025-11-19,0.825117404792398
2025-11-20,0.828197827980522
2025-11-21,0.8353027433661876
2025-11-22,0.8549263336252501
2025-11-23,0.8733395978920344
2025-11-24,0.8755457569675312
2025-11-25,0.8750825805355119
2025-11-26,0.8770328285011655
2025-11-27,0.8749575541777809
2025-11-28,0.8800815863364785
2025-11-29,0.878944984507122
2025-11-30,0.8772065605314697
2025-12-01,0.8874321487687803
2025-12-02,0.9061098851824894
2025-12-03,0.911310647600016
2025-12-04,0.8998958789630186
2025-12-05,0.8983724713172186
2025-12-06,0.9024976799285592
2025-12-07,0.898672902093833
2025-12-08,0.8989055519729849
2025-12-09,0.8778277114684958
2025-12-10,0.8774941615119486
2025-12-11,0.869791241909324
2025-12-12,0.8500914426142531
2025-12-13,0.8442338974069531
2025-12-14,0.8499255066452986
2025-12-15,0.8516273622920896
2025-12-16,0.8453782447284187
2025-12-17,0.8516534357241238
2025-12-18,0.8414487096367281
2025-12-19,0.8492023747900983
2025-12-20,0.8463658329447311
2025-12-21,0.8502971595364819
2025-12-22,0.8505910829374558
2025-12-23,0.851849287223299
2025-12-24,0.847058169112023
2025-12-25,0.8474975352567162
2025-12-26,0.8512543789193046
2025-12-27,0.8514464216464896
2025-12-28,0.847804731306694
2025-12-29,0.8467005870511385
2025-12-30,0.848043022170328
2025-12-31,0.8149629655389158
2026-01-01,0.7639360039118691
2026-01-02,0.7258410325873983
2026-01-03,0.7224039343214037
2026-01-04,0.6923904869214864
2026-01-05,0.7070498978193217
2026-01-06,0.7087847430218739
2026-01-07,0.729197455243061
2026-01-08,0.8118527124879497
2026-01-09,0.8110920256405048
2026-01-10,0.8035337030560348
2026-01-11,0.8384808326843288
2026-01-12,0.8365090735865814
2026-01-13,0.8678480710948252
2026-01-14,0.856583560923344
2026-01-15,0.8787779694462141
2026-01-16,0.84408986935096
2026-01-17,0.8569951466700411
2026-01-18,0.8279397702139901
2026-01-19,0.840110440800314
2026-01-20,0.8836054619150359
2026-01-21,0.8727587042475532
2026-01-22,0.8697195092199953
2026-01-23,0.8715659314106575
2026-01-24,0.8744358617327458
2026-01-25,0.8879892332813871
2026-01-26,0.8907559368853649
2026-01-27,0.9083024510077764
2026-01-28,0.9092067871838216
2026-01-29,0.9229003310314541
2026-01-30,0.9188947321403487
2026-01-31,0.9167321144853487
2026-02-01,0.909763821974447
2026-02-02,0.9140824131106678
2026-02-03,0.9185541474112481
2026-02-04,0.8577518339978791
2026-02-05,0.9011646607433318
2026-02-06,0.9185906616353733
2026-02-07,0.9109969303424518
2026-02-08,0.9108611399298666
2026-02-09,0.9115598954536623
2026-02-10,0.9124708670499516
2026-02-11,0.9124525901617652
2026-02-12,0.9057757716520934
2026-02-13,0.8981551582775188
2026-02-14,0.9000659850123569
2026-02-15,0.8995350756190278
2026-02-16,0.9008716816535759
2026-02-17,0.8996281921110997
2026-02-18,0.9009787361991234
2026-02-19,0.9022527817058016
2026-02-20,0.8993803385880015
2026-02-21,0.901988464280359
2026-02-22,0.9010129560768135
2026-02-23,0.900487470800798
2026-02-24,0.8981878381766525
2026-02-25,0.9127986055487608
2026-02-26,0.9101247106091337
2026-02-27,0.9069575132236491
2026-02-28,0.9068373359507531
2026-03-01,0.9100015353872208
2026-03-02,0.903181987746267
2026-03-03,0.9084764214169495
2026-03-04,0.9101416286693377
2026-03-05,0.9113679793836064
2026-03-06,0.9352483624454564
2026-03-07,0.9094925229568022
2026-03-08,0.8807018476450097
2026-03-09,0.8958022202791073
2026-03-10,0.9004337490184731
2026-03-11,0.9030476725383922
2026-03-12,0.8967227691160103
2026-03-13,0.8934648420240591
2026-03-14,0.89553070954328
2026-03-15,0.9182888136934811
2026-03-16,0.8689276602647851
2026-03-17,0.8603075907795833
2026-03-18,0.8685128873202138
2026-03-19,0.876189405791721
2026-03-20,0.8751183221976414
2026-03-21,0.8767363909263534
2026-03-22,0.8947492361747613
2026-03-23,0.8950885721533843
2026-03-24,0.8975581838710723
2026-03-25,0.8865127306934962
2026-03-26,0.9065528011261881
2026-03-27,0.8802302971832083
2026-03-28,0.8800448007282462
2026-03-29,0.8765051387701144
2026-03-30,0.8756398506545091
2026-03-31,0.883943171590037
2026-04-01,0.8593417846675564
2026-04-02,0.8605473005602926
2026-04-03,0.8290134729981731
2026-04-04,0.8241091939810753
2026-04-05,0.8109349107197772
2026-04-06,0.8113667173305692
2026-04-07,0.8349665262180215
2026-04-08,0.8483441810238754
2026-04-09,0.8451005122822405
2026-04-10,0.8513754049053045
2026-04-11,0.8511218687632222
2026-04-12,0.860864395521936
2026-04-13,0.884179885625481
2026-04-14,0.8735279068246984
2026-04-15,0.9108426815706605
2026-04-16,0.8853217449171774
2026-04-17,0.8807183182998368
2026-04-18,0.8807044351295545
2026-04-19,0.8863533471788226
2026-04-20,0.8853932142986451
2026-04-21,0.883513367494019
2026-04-22,0.8840336549541014
2026-04-23,0.8740442921495408
2026-04-24,0.8793413388995203
2026-04-25,0.8641622707127972
2026-04-26,0.8562026797251141
2026-04-27,0.8596057043421431
2026-04-28,0.8594026625350555
2026-04-29,0.8624270718223173
2026-04-30,0.8616112156484317
